claim_id,predicted_group,final_group,top_scorer_id,top_scorer_name,top_score,all_scores,actual_final_adj_id,top_match_actual
CP-0001,B,B,ADJ-014,Rachel Coleman,0.8291,"[('ADJ-014', 'Rachel Coleman', 0.8291), ('ADJ-006', ""David O'Brien"", 0.825), ('ADJ-015', 'Christopher Adams', 0.8166), ('ADJ-004', 'Marcus Thompson', 0.7897), ('ADJ-009', 'Kevin Walsh', 0.7228), ('ADJ-008', 'Robert Harrington', 0.6435), ('ADJ-001', 'Sarah Mitchell', 0.643)]",ADJ-004,0
CP-0002,0,0,ADJ-014,Rachel Coleman,0.8291,"[('ADJ-014', 'Rachel Coleman', 0.8291), ('ADJ-006', ""David O'Brien"", 0.825), ('ADJ-015', 'Christopher Adams', 0.8166), ('ADJ-004', 'Marcus Thompson', 0.7897), ('ADJ-008', 'Robert Harrington', 0.7685), ('ADJ-001', 'Sarah Mitchell', 0.768), ('ADJ-009', 'Kevin Walsh', 0.7228)]",ADJ-001,0
CP-0003,B,B,ADJ-014,Rachel Coleman,0.8291,"[('ADJ-014', 'Rachel Coleman', 0.8291), ('ADJ-006', ""David O'Brien"", 0.825), ('ADJ-015', 'Christopher Adams', 0.8166), ('ADJ-004', 'Marcus Thompson', 0.7897), ('ADJ-009', 'Kevin Walsh', 0.7228), ('ADJ-008', 'Robert Harrington', 0.6435), ('ADJ-001', 'Sarah Mitchell', 0.643)]",ADJ-008,0
CP-0004,C,B,ADJ-014,Rachel Coleman,0.8291,"[('ADJ-014', 'Rachel Coleman', 0.8291), ('ADJ-006', ""David O'Brien"", 0.825), ('ADJ-015', 'Christopher Adams', 0.7416), ('ADJ-004', 'Marcus Thompson', 0.7147), ('ADJ-009', 'Kevin Walsh', 0.6478), ('ADJ-008', 'Robert Harrington', 0.6185), ('ADJ-001', 'Sarah Mitchell', 0.618)]",ADJ-008,0
CP-0005,C,C,ADJ-014,Rachel Coleman,0.8291,"[('ADJ-014', 'Rachel Coleman', 0.8291), ('ADJ-006', ""David O'Brien"", 0.825), ('ADJ-015', 'Christopher Adams', 0.7416), ('ADJ-004', 'Marcus Thompson', 0.7147), ('ADJ-009', 'Kevin Walsh', 0.6478), ('ADJ-008', 'Robert Harrington', 0.6185), ('ADJ-001', 'Sarah Mitchell', 0.618)]",ADJ-014,1
CP-0006,C,C,ADJ-014,Rachel Coleman,0.8291,"[('ADJ-014', 'Rachel Coleman', 0.8291), ('ADJ-006', ""David O'Brien"", 0.825), ('ADJ-015', 'Christopher Adams', 0.7416), ('ADJ-004', 'Marcus Thompson', 0.7147), ('ADJ-009', 'Kevin Walsh', 0.6478), ('ADJ-008', 'Robert Harrington', 0.6185), ('ADJ-001', 'Sarah Mitchell', 0.618)]",ADJ-009,0
CP-0007,C,C,ADJ-014,Rachel Coleman,0.8291,"[('ADJ-014', 'Rachel Coleman', 0.8291), ('ADJ-006', ""David O'Brien"", 0.825), ('ADJ-015', 'Christopher Adams', 0.7416), ('ADJ-004', 'Marcus Thompson', 0.7147), ('ADJ-009', 'Kevin Walsh', 0.6478), ('ADJ-008', 'Robert Harrington', 0.6185), ('ADJ-001', 'Sarah Mitchell', 0.618)]",ADJ-014,1
CP-0008,C,C,ADJ-014,Rachel Coleman,0.8291,"[('ADJ-014', 'Rachel Coleman', 0.8291), ('ADJ-006', ""David O'Brien"", 0.825), ('ADJ-015', 'Christopher Adams', 0.7416), ('ADJ-004', 'Marcus Thompson', 0.7147), ('ADJ-009', 'Kevin Walsh', 0.6478), ('ADJ-008', 'Robert Harrington', 0.6185), ('ADJ-001', 'Sarah Mitchell', 0.618)]",ADJ-001,0
CP-0009,C,C,ADJ-014,Rachel Coleman,0.8291,"[('ADJ-014', 'Rachel Coleman', 0.8291), ('ADJ-006', ""David O'Brien"", 0.825), ('ADJ-015', 'Christopher Adams', 0.7416), ('ADJ-004', 'Marcus Thompson', 0.7147), ('ADJ-009', 'Kevin Walsh', 0.6478), ('ADJ-008', 'Robert Harrington', 0.6185), ('ADJ-001', 'Sarah Mitchell', 0.618)]",ADJ-009,0
CP-0010,C,C,ADJ-014,Rachel Coleman,0.8291,"[('ADJ-014', 'Rachel Coleman', 0.8291), ('ADJ-006', ""David O'Brien"", 0.825), ('ADJ-015', 'Christopher Adams', 0.7416), ('ADJ-004', 'Marcus Thompson', 0.7147), ('ADJ-009', 'Kevin Walsh', 0.6478), ('ADJ-008', 'Robert Harrington', 0.6185), ('ADJ-001', 'Sarah Mitchell', 0.618)]",ADJ-004,0
CP-0011,A,A,ADJ-014,Rachel Coleman,0.8291,"[('ADJ-014', 'Rachel Coleman', 0.8291), ('ADJ-006', ""David O'Brien"", 0.825), ('ADJ-015', 'Christopher Adams', 0.8166), ('ADJ-004', 'Marcus Thompson', 0.7897), ('ADJ-008', 'Robert Harrington', 0.7685), ('ADJ-001', 'Sarah Mitchell', 0.768), ('ADJ-009', 'Kevin Walsh', 0.7228)]",ADJ-014,1
CP-0012,C,C,ADJ-014,Rachel Coleman,0.8291,"[('ADJ-014', 'Rachel Coleman', 0.8291), ('ADJ-006', ""David O'Brien"", 0.825), ('ADJ-015', 'Christopher Adams', 0.7416), ('ADJ-004', 'Marcus Thompson', 0.7147), ('ADJ-009', 'Kevin Walsh', 0.6478), ('ADJ-008', 'Robert Harrington', 0.6185), ('ADJ-001', 'Sarah Mitchell', 0.618)]",ADJ-009,0
CP-0013,C,C,ADJ-014,Rachel Coleman,0.8291,"[('ADJ-014', 'Rachel Coleman', 0.8291), ('ADJ-006', ""David O'Brien"", 0.825), ('ADJ-015', 'Christopher Adams', 0.7416), ('ADJ-004', 'Marcus Thompson', 0.7147), ('ADJ-009', 'Kevin Walsh', 0.6478), ('ADJ-008', 'Robert Harrington', 0.6185), ('ADJ-001', 'Sarah Mitchell', 0.618)]",ADJ-015,0
CP-0014,C,C,ADJ-014,Rachel Coleman,0.8291,"[('ADJ-014', 'Rachel Coleman', 0.8291), ('ADJ-006', ""David O'Brien"", 0.825), ('ADJ-015', 'Christopher Adams', 0.7416), ('ADJ-004', 'Marcus Thompson', 0.7147), ('ADJ-009', 'Kevin Walsh', 0.6478), ('ADJ-008', 'Robert Harrington', 0.6185), ('ADJ-001', 'Sarah Mitchell', 0.618)]",ADJ-004,0
CP-0015,C,C,ADJ-014,Rachel Coleman,0.8291,"[('ADJ-014', 'Rachel Coleman', 0.8291), ('ADJ-006', ""David O'Brien"", 0.825), ('ADJ-015', 'Christopher Adams', 0.7416), ('ADJ-004', 'Marcus Thompson', 0.7147), ('ADJ-009', 'Kevin Walsh', 0.6478), ('ADJ-008', 'Robert Harrington', 0.6185), ('ADJ-001', 'Sarah Mitchell', 0.618)]",ADJ-014,1
CP-0016,C,C,ADJ-014,Rachel Coleman,0.8291,"[('ADJ-014', 'Rachel Coleman', 0.8291), ('ADJ-006', ""David O'Brien"", 0.825), ('ADJ-015', 'Christopher Adams', 0.7416), ('ADJ-004', 'Marcus Thompson', 0.7147), ('ADJ-009', 'Kevin Walsh', 0.6478), ('ADJ-008', 'Robert Harrington', 0.6185), ('ADJ-001', 'Sarah Mitchell', 0.618)]",ADJ-014,1
CP-0017,B,B,ADJ-014,Rachel Coleman,0.8291,"[('ADJ-014', 'Rachel Coleman', 0.8291), ('ADJ-006', ""David O'Brien"", 0.825), ('ADJ-015', 'Christopher Adams', 0.8166), ('ADJ-004', 'Marcus Thompson', 0.7897), ('ADJ-009', 'Kevin Walsh', 0.7228), ('ADJ-008', 'Robert Harrington', 0.6435), ('ADJ-001', 'Sarah Mitchell', 0.643)]",ADJ-015,0
CP-0018,C,C,ADJ-014,Rachel Coleman,0.8291,"[('ADJ-014', 'Rachel Coleman', 0.8291), ('ADJ-006', ""David O'Brien"", 0.825), ('ADJ-015', 'Christopher Adams', 0.7416), ('ADJ-004', 'Marcus Thompson', 0.7147), ('ADJ-009', 'Kevin Walsh', 0.6478), ('ADJ-008', 'Robert Harrington', 0.6185), ('ADJ-001', 'Sarah Mitchell', 0.618)]",ADJ-009,0
CP-0019,B,B,ADJ-014,Rachel Coleman,0.8291,"[('ADJ-014', 'Rachel Coleman', 0.8291), ('ADJ-006', ""David O'Brien"", 0.825), ('ADJ-015', 'Christopher Adams', 0.8166), ('ADJ-004', 'Marcus Thompson', 0.7897), ('ADJ-009', 'Kevin Walsh', 0.7228), ('ADJ-008', 'Robert Harrington', 0.6435), ('ADJ-001', 'Sarah Mitchell', 0.643)]",ADJ-008,0
CP-0020,0,0,ADJ-014,Rachel Coleman,0.8291,"[('ADJ-014', 'Rachel Coleman', 0.8291), ('ADJ-006', ""David O'Brien"", 0.825), ('ADJ-015', 'Christopher Adams', 0.8166), ('ADJ-004', 'Marcus Thompson', 0.7897), ('ADJ-008', 'Robert Harrington', 0.7685), ('ADJ-001', 'Sarah Mitchell', 0.768), ('ADJ-009', 'Kevin Walsh', 0.7228)]",ADJ-001,0
CP-0021,0,0,ADJ-014,Rachel Coleman,0.8291,"[('ADJ-014', 'Rachel Coleman', 0.8291), ('ADJ-006', ""David O'Brien"", 0.825), ('ADJ-015', 'Christopher Adams', 0.8166), ('ADJ-004', 'Marcus Thompson', 0.7897), ('ADJ-008', 'Robert Harrington', 0.7685), ('ADJ-001', 'Sarah Mitchell', 0.768), ('ADJ-009', 'Kevin Walsh', 0.7228)]",ADJ-001,0
CP-0022,A,A,ADJ-014,Rachel Coleman,0.8291,"[('ADJ-014', 'Rachel Coleman', 0.8291), ('ADJ-006', ""David O'Brien"", 0.825), ('ADJ-015', 'Christopher Adams', 0.8166), ('ADJ-004', 'Marcus Thompson', 0.7897), ('ADJ-008', 'Robert Harrington', 0.7685), ('ADJ-001', 'Sarah Mitchell', 0.768), ('ADJ-009', 'Kevin Walsh', 0.7228)]",ADJ-004,0
CP-0023,0,0,ADJ-014,Rachel Coleman,0.8291,"[('ADJ-014', 'Rachel Coleman', 0.8291), ('ADJ-006', ""David O'Brien"", 0.825), ('ADJ-015', 'Christopher Adams', 0.8166), ('ADJ-004', 'Marcus Thompson', 0.7897), ('ADJ-008', 'Robert Harrington', 0.7685), ('ADJ-001', 'Sarah Mitchell', 0.768), ('ADJ-009', 'Kevin Walsh', 0.7228)]",ADJ-014,1
CP-0024,C,C,ADJ-014,Rachel Coleman,0.8291,"[('ADJ-014', 'Rachel Coleman', 0.8291), ('ADJ-006', ""David O'Brien"", 0.825), ('ADJ-015', 'Christopher Adams', 0.7416), ('ADJ-004', 'Marcus Thompson', 0.7147), ('ADJ-009', 'Kevin Walsh', 0.6478), ('ADJ-008', 'Robert Harrington', 0.6185), ('ADJ-001', 'Sarah Mitchell', 0.618)]",ADJ-009,0
CP-0025,C,C,ADJ-014,Rachel Coleman,0.8291,"[('ADJ-014', 'Rachel Coleman', 0.8291), ('ADJ-006', ""David O'Brien"", 0.825), ('ADJ-015', 'Christopher Adams', 0.7416), ('ADJ-004', 'Marcus Thompson', 0.7147), ('ADJ-009', 'Kevin Walsh', 0.6478), ('ADJ-008', 'Robert Harrington', 0.6185), ('ADJ-001', 'Sarah Mitchell', 0.618)]",ADJ-014,1
CP-0026,C,C,ADJ-014,Rachel Coleman,0.8291,"[('ADJ-014', 'Rachel Coleman', 0.8291), ('ADJ-006', ""David O'Brien"", 0.825), ('ADJ-015', 'Christopher Adams', 0.7416), ('ADJ-004', 'Marcus Thompson', 0.7147), ('ADJ-009', 'Kevin Walsh', 0.6478), ('ADJ-008', 'Robert Harrington', 0.6185), ('ADJ-001', 'Sarah Mitchell', 0.618)]",ADJ-001,0
CP-0027,C,C,ADJ-014,Rachel Coleman,0.8291,"[('ADJ-014', 'Rachel Coleman', 0.8291), ('ADJ-006', ""David O'Brien"", 0.825), ('ADJ-015', 'Christopher Adams', 0.7416), ('ADJ-004', 'Marcus Thompson', 0.7147), ('ADJ-009', 'Kevin Walsh', 0.6478), ('ADJ-008', 'Robert Harrington', 0.6185), ('ADJ-001', 'Sarah Mitchell', 0.618)]",ADJ-006,0
CP-0028,C,C,ADJ-014,Rachel Coleman,0.8291,"[('ADJ-014', 'Rachel Coleman', 0.8291), ('ADJ-006', ""David O'Brien"", 0.825), ('ADJ-015', 'Christopher Adams', 0.7416), ('ADJ-004', 'Marcus Thompson', 0.7147), ('ADJ-009', 'Kevin Walsh', 0.6478), ('ADJ-008', 'Robert Harrington', 0.6185), ('ADJ-001', 'Sarah Mitchell', 0.618)]",ADJ-008,0
CP-0029,B,B,ADJ-014,Rachel Coleman,0.8291,"[('ADJ-014', 'Rachel Coleman', 0.8291), ('ADJ-006', ""David O'Brien"", 0.825), ('ADJ-015', 'Christopher Adams', 0.8166), ('ADJ-004', 'Marcus Thompson', 0.7897), ('ADJ-009', 'Kevin Walsh', 0.7228), ('ADJ-008', 'Robert Harrington', 0.6435), ('ADJ-001', 'Sarah Mitchell', 0.643)]",ADJ-001,0
CP-0030,C,C,ADJ-014,Rachel Coleman,0.8291,"[('ADJ-014', 'Rachel Coleman', 0.8291), ('ADJ-006', ""David O'Brien"", 0.825), ('ADJ-015', 'Christopher Adams', 0.7416), ('ADJ-004', 'Marcus Thompson', 0.7147), ('ADJ-009', 'Kevin Walsh', 0.6478), ('ADJ-008', 'Robert Harrington', 0.6185), ('ADJ-001', 'Sarah Mitchell', 0.618)]",ADJ-014,1
CP-0031,C,B,ADJ-014,Rachel Coleman,0.8291,"[('ADJ-014', 'Rachel Coleman', 0.8291), ('ADJ-006', ""David O'Brien"", 0.825), ('ADJ-015', 'Christopher Adams', 0.7416), ('ADJ-004', 'Marcus Thompson', 0.7147), ('ADJ-009', 'Kevin Walsh', 0.6478), ('ADJ-008', 'Robert Harrington', 0.6185), ('ADJ-001', 'Sarah Mitchell', 0.618)]",ADJ-008,0
CP-0032,0,0,ADJ-014,Rachel Coleman,0.8291,"[('ADJ-014', 'Rachel Coleman', 0.8291), ('ADJ-006', ""David O'Brien"", 0.825), ('ADJ-015', 'Christopher Adams', 0.8166), ('ADJ-004', 'Marcus Thompson', 0.7897), ('ADJ-008', 'Robert Harrington', 0.7685), ('ADJ-001', 'Sarah Mitchell', 0.768), ('ADJ-009', 'Kevin Walsh', 0.7228)]",ADJ-004,0
CP-0033,C,C,ADJ-014,Rachel Coleman,0.8291,"[('ADJ-014', 'Rachel Coleman', 0.8291), ('ADJ-006', ""David O'Brien"", 0.825), ('ADJ-015', 'Christopher Adams', 0.7416), ('ADJ-004', 'Marcus Thompson', 0.7147), ('ADJ-009', 'Kevin Walsh', 0.6478), ('ADJ-008', 'Robert Harrington', 0.6185), ('ADJ-001', 'Sarah Mitchell', 0.618)]",ADJ-001,0
CP-0034,0,0,ADJ-014,Rachel Coleman,0.8291,"[('ADJ-014', 'Rachel Coleman', 0.8291), ('ADJ-006', ""David O'Brien"", 0.825), ('ADJ-015', 'Christopher Adams', 0.8166), ('ADJ-004', 'Marcus Thompson', 0.7897), ('ADJ-008', 'Robert Harrington', 0.7685), ('ADJ-001', 'Sarah Mitchell', 0.768), ('ADJ-009', 'Kevin Walsh', 0.7228)]",ADJ-014,1
CP-0035,C,C,ADJ-014,Rachel Coleman,0.8291,"[('ADJ-014', 'Rachel Coleman', 0.8291), ('ADJ-006', ""David O'Brien"", 0.825), ('ADJ-015', 'Christopher Adams', 0.7416), ('ADJ-004', 'Marcus Thompson', 0.7147), ('ADJ-009', 'Kevin Walsh', 0.6478), ('ADJ-008', 'Robert Harrington', 0.6185), ('ADJ-001', 'Sarah Mitchell', 0.618)]",ADJ-009,0
CP-0036,C,C,ADJ-014,Rachel Coleman,0.8291,"[('ADJ-014', 'Rachel Coleman', 0.8291), ('ADJ-006', ""David O'Brien"", 0.825), ('ADJ-015', 'Christopher Adams', 0.7416), ('ADJ-004', 'Marcus Thompson', 0.7147), ('ADJ-009', 'Kevin Walsh', 0.6478), ('ADJ-008', 'Robert Harrington', 0.6185), ('ADJ-001', 'Sarah Mitchell', 0.618)]",ADJ-014,1
CP-0037,0,0,ADJ-014,Rachel Coleman,0.8291,"[('ADJ-014', 'Rachel Coleman', 0.8291), ('ADJ-006', ""David O'Brien"", 0.825), ('ADJ-015', 'Christopher Adams', 0.8166), ('ADJ-004', 'Marcus Thompson', 0.7897), ('ADJ-008', 'Robert Harrington', 0.7685), ('ADJ-001', 'Sarah Mitchell', 0.768), ('ADJ-009', 'Kevin Walsh', 0.7228)]",ADJ-015,0
CP-0038,C,0,ADJ-014,Rachel Coleman,0.8291,"[('ADJ-014', 'Rachel Coleman', 0.8291), ('ADJ-006', ""David O'Brien"", 0.825), ('ADJ-015', 'Christopher Adams', 0.7416), ('ADJ-004', 'Marcus Thompson', 0.7147), ('ADJ-009', 'Kevin Walsh', 0.6478), ('ADJ-008', 'Robert Harrington', 0.6185), ('ADJ-001', 'Sarah Mitchell', 0.618)]",ADJ-015,0
CP-0039,C,C,ADJ-014,Rachel Coleman,0.8291,"[('ADJ-014', 'Rachel Coleman', 0.8291), ('ADJ-006', ""David O'Brien"", 0.825), ('ADJ-015', 'Christopher Adams', 0.7416), ('ADJ-004', 'Marcus Thompson', 0.7147), ('ADJ-009', 'Kevin Walsh', 0.6478), ('ADJ-008', 'Robert Harrington', 0.6185), ('ADJ-001', 'Sarah Mitchell', 0.618)]",ADJ-009,0
CP-0040,0,0,ADJ-014,Rachel Coleman,0.8291,"[('ADJ-014', 'Rachel Coleman', 0.8291), ('ADJ-006', ""David O'Brien"", 0.825), ('ADJ-015', 'Christopher Adams', 0.8166), ('ADJ-004', 'Marcus Thompson', 0.7897), ('ADJ-008', 'Robert Harrington', 0.7685), ('ADJ-001', 'Sarah Mitchell', 0.768), ('ADJ-009', 'Kevin Walsh', 0.7228)]",ADJ-009,0
CP-0041,C,C,ADJ-014,Rachel Coleman,0.8291,"[('ADJ-014', 'Rachel Coleman', 0.8291), ('ADJ-006', ""David O'Brien"", 0.825), ('ADJ-015', 'Christopher Adams', 0.7416), ('ADJ-004', 'Marcus Thompson', 0.7147), ('ADJ-009', 'Kevin Walsh', 0.6478), ('ADJ-008', 'Robert Harrington', 0.6185), ('ADJ-001', 'Sarah Mitchell', 0.618)]",ADJ-015,0
CP-0042,C,B,ADJ-014,Rachel Coleman,0.8291,"[('ADJ-014', 'Rachel Coleman', 0.8291), ('ADJ-006', ""David O'Brien"", 0.825), ('ADJ-015', 'Christopher Adams', 0.7416), ('ADJ-004', 'Marcus Thompson', 0.7147), ('ADJ-009', 'Kevin Walsh', 0.6478), ('ADJ-008', 'Robert Harrington', 0.6185), ('ADJ-001', 'Sarah Mitchell', 0.618)]",ADJ-014,1
CP-0043,C,C,ADJ-014,Rachel Coleman,0.8291,"[('ADJ-014', 'Rachel Coleman', 0.8291), ('ADJ-006', ""David O'Brien"", 0.825), ('ADJ-015', 'Christopher Adams', 0.7416), ('ADJ-004', 'Marcus Thompson', 0.7147), ('ADJ-009', 'Kevin Walsh', 0.6478), ('ADJ-008', 'Robert Harrington', 0.6185), ('ADJ-001', 'Sarah Mitchell', 0.618)]",ADJ-006,0
CP-0044,0,0,ADJ-014,Rachel Coleman,0.8291,"[('ADJ-014', 'Rachel Coleman', 0.8291), ('ADJ-006', ""David O'Brien"", 0.825), ('ADJ-015', 'Christopher Adams', 0.8166), ('ADJ-004', 'Marcus Thompson', 0.7897), ('ADJ-008', 'Robert Harrington', 0.7685), ('ADJ-001', 'Sarah Mitchell', 0.768), ('ADJ-009', 'Kevin Walsh', 0.7228)]",ADJ-014,1
CP-0045,C,C,ADJ-014,Rachel Coleman,0.8291,"[('ADJ-014', 'Rachel Coleman', 0.8291), ('ADJ-006', ""David O'Brien"", 0.825), ('ADJ-015', 'Christopher Adams', 0.7416), ('ADJ-004', 'Marcus Thompson', 0.7147), ('ADJ-009', 'Kevin Walsh', 0.6478), ('ADJ-008', 'Robert Harrington', 0.6185), ('ADJ-001', 'Sarah Mitchell', 0.618)]",ADJ-009,0
CP-0046,C,C,ADJ-014,Rachel Coleman,0.8291,"[('ADJ-014', 'Rachel Coleman', 0.8291), ('ADJ-006', ""David O'Brien"", 0.825), ('ADJ-015', 'Christopher Adams', 0.7416), ('ADJ-004', 'Marcus Thompson', 0.7147), ('ADJ-009', 'Kevin Walsh', 0.6478), ('ADJ-008', 'Robert Harrington', 0.6185), ('ADJ-001', 'Sarah Mitchell', 0.618)]",ADJ-004,0
CP-0047,C,C,ADJ-014,Rachel Coleman,0.8291,"[('ADJ-014', 'Rachel Coleman', 0.8291), ('ADJ-006', ""David O'Brien"", 0.825), ('ADJ-015', 'Christopher Adams', 0.7416), ('ADJ-004', 'Marcus Thompson', 0.7147), ('ADJ-009', 'Kevin Walsh', 0.6478), ('ADJ-008', 'Robert Harrington', 0.6185), ('ADJ-001', 'Sarah Mitchell', 0.618)]",ADJ-009,0
CP-0048,C,C,ADJ-014,Rachel Coleman,0.8291,"[('ADJ-014', 'Rachel Coleman', 0.8291), ('ADJ-006', ""David O'Brien"", 0.825), ('ADJ-015', 'Christopher Adams', 0.7416), ('ADJ-004', 'Marcus Thompson', 0.7147), ('ADJ-009', 'Kevin Walsh', 0.6478), ('ADJ-008', 'Robert Harrington', 0.6185), ('ADJ-001', 'Sarah Mitchell', 0.618)]",ADJ-006,0
CP-0049,C,C,ADJ-014,Rachel Coleman,0.8291,"[('ADJ-014', 'Rachel Coleman', 0.8291), ('ADJ-006', ""David O'Brien"", 0.825), ('ADJ-015', 'Christopher Adams', 0.7416), ('ADJ-004', 'Marcus Thompson', 0.7147), ('ADJ-009', 'Kevin Walsh', 0.6478), ('ADJ-008', 'Robert Harrington', 0.6185), ('ADJ-001', 'Sarah Mitchell', 0.618)]",ADJ-001,0
CP-0050,C,C,ADJ-014,Rachel Coleman,0.8291,"[('ADJ-014', 'Rachel Coleman', 0.8291), ('ADJ-006', ""David O'Brien"", 0.825), ('ADJ-015', 'Christopher Adams', 0.7416), ('ADJ-004', 'Marcus Thompson', 0.7147), ('ADJ-009', 'Kevin Walsh', 0.6478), ('ADJ-008', 'Robert Harrington', 0.6185), ('ADJ-001', 'Sarah Mitchell', 0.618)]",ADJ-015,0
CP-0051,C,C,ADJ-014,Rachel Coleman,0.8291,"[('ADJ-014', 'Rachel Coleman', 0.8291), ('ADJ-006', ""David O'Brien"", 0.825), ('ADJ-015', 'Christopher Adams', 0.7416), ('ADJ-004', 'Marcus Thompson', 0.7147), ('ADJ-009', 'Kevin Walsh', 0.6478), ('ADJ-008', 'Robert Harrington', 0.6185), ('ADJ-001', 'Sarah Mitchell', 0.618)]",ADJ-014,1
CP-0052,C,C,ADJ-014,Rachel Coleman,0.8291,"[('ADJ-014', 'Rachel Coleman', 0.8291), ('ADJ-006', ""David O'Brien"", 0.825), ('ADJ-015', 'Christopher Adams', 0.7416), ('ADJ-004', 'Marcus Thompson', 0.7147), ('ADJ-009', 'Kevin Walsh', 0.6478), ('ADJ-008', 'Robert Harrington', 0.6185), ('ADJ-001', 'Sarah Mitchell', 0.618)]",ADJ-006,0
CP-0053,B,B,ADJ-014,Rachel Coleman,0.8291,"[('ADJ-014', 'Rachel Coleman', 0.8291), ('ADJ-006', ""David O'Brien"", 0.825), ('ADJ-015', 'Christopher Adams', 0.8166), ('ADJ-004', 'Marcus Thompson', 0.7897), ('ADJ-009', 'Kevin Walsh', 0.7228), ('ADJ-008', 'Robert Harrington', 0.6435), ('ADJ-001', 'Sarah Mitchell', 0.643)]",ADJ-009,0
CP-0054,0,0,ADJ-014,Rachel Coleman,0.8291,"[('ADJ-014', 'Rachel Coleman', 0.8291), ('ADJ-006', ""David O'Brien"", 0.825), ('ADJ-015', 'Christopher Adams', 0.8166), ('ADJ-004', 'Marcus Thompson', 0.7897), ('ADJ-008', 'Robert Harrington', 0.7685), ('ADJ-001', 'Sarah Mitchell', 0.768), ('ADJ-009', 'Kevin Walsh', 0.7228)]",ADJ-008,0
CP-0055,C,C,ADJ-014,Rachel Coleman,0.8291,"[('ADJ-014', 'Rachel Coleman', 0.8291), ('ADJ-006', ""David O'Brien"", 0.825), ('ADJ-015', 'Christopher Adams', 0.7416), ('ADJ-004', 'Marcus Thompson', 0.7147), ('ADJ-009', 'Kevin Walsh', 0.6478), ('ADJ-008', 'Robert Harrington', 0.6185), ('ADJ-001', 'Sarah Mitchell', 0.618)]",ADJ-014,1
CP-0056,B,B,ADJ-014,Rachel Coleman,0.8291,"[('ADJ-014', 'Rachel Coleman', 0.8291), ('ADJ-006', ""David O'Brien"", 0.825), ('ADJ-015', 'Christopher Adams', 0.8166), ('ADJ-004', 'Marcus Thompson', 0.7897), ('ADJ-009', 'Kevin Walsh', 0.7228), ('ADJ-008', 'Robert Harrington', 0.6435), ('ADJ-001', 'Sarah Mitchell', 0.643)]",ADJ-006,0
CP-0057,0,0,ADJ-014,Rachel Coleman,0.8291,"[('ADJ-014', 'Rachel Coleman', 0.8291), ('ADJ-006', ""David O'Brien"", 0.825), ('ADJ-015', 'Christopher Adams', 0.8166), ('ADJ-004', 'Marcus Thompson', 0.7897), ('ADJ-008', 'Robert Harrington', 0.7685), ('ADJ-001', 'Sarah Mitchell', 0.768), ('ADJ-009', 'Kevin Walsh', 0.7228)]",ADJ-006,0
CP-0058,B,B,ADJ-014,Rachel Coleman,0.8291,"[('ADJ-014', 'Rachel Coleman', 0.8291), ('ADJ-006', ""David O'Brien"", 0.825), ('ADJ-015', 'Christopher Adams', 0.8166), ('ADJ-004', 'Marcus Thompson', 0.7897), ('ADJ-009', 'Kevin Walsh', 0.7228), ('ADJ-008', 'Robert Harrington', 0.6435), ('ADJ-001', 'Sarah Mitchell', 0.643)]",ADJ-009,0
CP-0059,0,0,ADJ-014,Rachel Coleman,0.8291,"[('ADJ-014', 'Rachel Coleman', 0.8291), ('ADJ-006', ""David O'Brien"", 0.825), ('ADJ-015', 'Christopher Adams', 0.8166), ('ADJ-004', 'Marcus Thompson', 0.7897), ('ADJ-008', 'Robert Harrington', 0.7685), ('ADJ-001', 'Sarah Mitchell', 0.768), ('ADJ-009', 'Kevin Walsh', 0.7228)]",ADJ-014,1
CP-0060,C,C,ADJ-014,Rachel Coleman,0.8291,"[('ADJ-014', 'Rachel Coleman', 0.8291), ('ADJ-006', ""David O'Brien"", 0.825), ('ADJ-015', 'Christopher Adams', 0.7416), ('ADJ-004', 'Marcus Thompson', 0.7147), ('ADJ-009', 'Kevin Walsh', 0.6478), ('ADJ-008', 'Robert Harrington', 0.6185), ('ADJ-001', 'Sarah Mitchell', 0.618)]",ADJ-009,0
CP-0061,C,C,ADJ-014,Rachel Coleman,0.8291,"[('ADJ-014', 'Rachel Coleman', 0.8291), ('ADJ-006', ""David O'Brien"", 0.825), ('ADJ-015', 'Christopher Adams', 0.7416), ('ADJ-004', 'Marcus Thompson', 0.7147), ('ADJ-009', 'Kevin Walsh', 0.6478), ('ADJ-008', 'Robert Harrington', 0.6185), ('ADJ-001', 'Sarah Mitchell', 0.618)]",ADJ-009,0
CP-0062,C,C,ADJ-014,Rachel Coleman,0.8291,"[('ADJ-014', 'Rachel Coleman', 0.8291), ('ADJ-006', ""David O'Brien"", 0.825), ('ADJ-015', 'Christopher Adams', 0.7416), ('ADJ-004', 'Marcus Thompson', 0.7147), ('ADJ-009', 'Kevin Walsh', 0.6478), ('ADJ-008', 'Robert Harrington', 0.6185), ('ADJ-001', 'Sarah Mitchell', 0.618)]",ADJ-001,0
CP-0063,0,0,ADJ-014,Rachel Coleman,0.8291,"[('ADJ-014', 'Rachel Coleman', 0.8291), ('ADJ-006', ""David O'Brien"", 0.825), ('ADJ-015', 'Christopher Adams', 0.8166), ('ADJ-004', 'Marcus Thompson', 0.7897), ('ADJ-008', 'Robert Harrington', 0.7685), ('ADJ-001', 'Sarah Mitchell', 0.768), ('ADJ-009', 'Kevin Walsh', 0.7228)]",ADJ-008,0
CP-0064,C,C,ADJ-014,Rachel Coleman,0.8291,"[('ADJ-014', 'Rachel Coleman', 0.8291), ('ADJ-006', ""David O'Brien"", 0.825), ('ADJ-015', 'Christopher Adams', 0.7416), ('ADJ-004', 'Marcus Thompson', 0.7147), ('ADJ-009', 'Kevin Walsh', 0.6478), ('ADJ-008', 'Robert Harrington', 0.6185), ('ADJ-001', 'Sarah Mitchell', 0.618)]",ADJ-001,0
CP-0065,C,0,ADJ-014,Rachel Coleman,0.8291,"[('ADJ-014', 'Rachel Coleman', 0.8291), ('ADJ-006', ""David O'Brien"", 0.825), ('ADJ-015', 'Christopher Adams', 0.7416), ('ADJ-004', 'Marcus Thompson', 0.7147), ('ADJ-009', 'Kevin Walsh', 0.6478), ('ADJ-008', 'Robert Harrington', 0.6185), ('ADJ-001', 'Sarah Mitchell', 0.618)]",ADJ-006,0
CP-0066,B,B,ADJ-014,Rachel Coleman,0.8291,"[('ADJ-014', 'Rachel Coleman', 0.8291), ('ADJ-006', ""David O'Brien"", 0.825), ('ADJ-015', 'Christopher Adams', 0.8166), ('ADJ-004', 'Marcus Thompson', 0.7897), ('ADJ-009', 'Kevin Walsh', 0.7228), ('ADJ-008', 'Robert Harrington', 0.6435), ('ADJ-001', 'Sarah Mitchell', 0.643)]",ADJ-006,0
CP-0067,A,A,ADJ-014,Rachel Coleman,0.8291,"[('ADJ-014', 'Rachel Coleman', 0.8291), ('ADJ-006', ""David O'Brien"", 0.825), ('ADJ-015', 'Christopher Adams', 0.8166), ('ADJ-004', 'Marcus Thompson', 0.7897), ('ADJ-008', 'Robert Harrington', 0.7685), ('ADJ-001', 'Sarah Mitchell', 0.768), ('ADJ-009', 'Kevin Walsh', 0.7228)]",ADJ-006,0
CP-0068,0,0,ADJ-014,Rachel Coleman,0.8291,"[('ADJ-014', 'Rachel Coleman', 0.8291), ('ADJ-006', ""David O'Brien"", 0.825), ('ADJ-015', 'Christopher Adams', 0.8166), ('ADJ-004', 'Marcus Thompson', 0.7897), ('ADJ-008', 'Robert Harrington', 0.7685), ('ADJ-001', 'Sarah Mitchell', 0.768), ('ADJ-009', 'Kevin Walsh', 0.7228)]",ADJ-006,0
CP-0069,0,0,ADJ-014,Rachel Coleman,0.8291,"[('ADJ-014', 'Rachel Coleman', 0.8291), ('ADJ-006', ""David O'Brien"", 0.825), ('ADJ-015', 'Christopher Adams', 0.8166), ('ADJ-004', 'Marcus Thompson', 0.7897), ('ADJ-008', 'Robert Harrington', 0.7685), ('ADJ-001', 'Sarah Mitchell', 0.768), ('ADJ-009', 'Kevin Walsh', 0.7228)]",ADJ-008,0
CP-0070,0,0,ADJ-014,Rachel Coleman,0.8291,"[('ADJ-014', 'Rachel Coleman', 0.8291), ('ADJ-006', ""David O'Brien"", 0.825), ('ADJ-015', 'Christopher Adams', 0.8166), ('ADJ-004', 'Marcus Thompson', 0.7897), ('ADJ-008', 'Robert Harrington', 0.7685), ('ADJ-001', 'Sarah Mitchell', 0.768), ('ADJ-009', 'Kevin Walsh', 0.7228)]",ADJ-009,0
CP-0071,C,C,ADJ-014,Rachel Coleman,0.8291,"[('ADJ-014', 'Rachel Coleman', 0.8291), ('ADJ-006', ""David O'Brien"", 0.825), ('ADJ-015', 'Christopher Adams', 0.7416), ('ADJ-004', 'Marcus Thompson', 0.7147), ('ADJ-009', 'Kevin Walsh', 0.6478), ('ADJ-008', 'Robert Harrington', 0.6185), ('ADJ-001', 'Sarah Mitchell', 0.618)]",ADJ-006,0
CP-0072,B,B,ADJ-014,Rachel Coleman,0.8291,"[('ADJ-014', 'Rachel Coleman', 0.8291), ('ADJ-006', ""David O'Brien"", 0.825), ('ADJ-015', 'Christopher Adams', 0.8166), ('ADJ-004', 'Marcus Thompson', 0.7897), ('ADJ-009', 'Kevin Walsh', 0.7228), ('ADJ-008', 'Robert Harrington', 0.6435), ('ADJ-001', 'Sarah Mitchell', 0.643)]",ADJ-008,0
CP-0073,C,C,ADJ-014,Rachel Coleman,0.8291,"[('ADJ-014', 'Rachel Coleman', 0.8291), ('ADJ-006', ""David O'Brien"", 0.825), ('ADJ-015', 'Christopher Adams', 0.7416), ('ADJ-004', 'Marcus Thompson', 0.7147), ('ADJ-009', 'Kevin Walsh', 0.6478), ('ADJ-008', 'Robert Harrington', 0.6185), ('ADJ-001', 'Sarah Mitchell', 0.618)]",ADJ-009,0
CP-0074,C,A,ADJ-014,Rachel Coleman,0.8291,"[('ADJ-014', 'Rachel Coleman', 0.8291), ('ADJ-006', ""David O'Brien"", 0.825), ('ADJ-015', 'Christopher Adams', 0.7416), ('ADJ-004', 'Marcus Thompson', 0.7147), ('ADJ-009', 'Kevin Walsh', 0.6478), ('ADJ-008', 'Robert Harrington', 0.6185), ('ADJ-001', 'Sarah Mitchell', 0.618)]",ADJ-004,0
CP-0075,C,C,ADJ-014,Rachel Coleman,0.8291,"[('ADJ-014', 'Rachel Coleman', 0.8291), ('ADJ-006', ""David O'Brien"", 0.825), ('ADJ-015', 'Christopher Adams', 0.7416), ('ADJ-004', 'Marcus Thompson', 0.7147), ('ADJ-009', 'Kevin Walsh', 0.6478), ('ADJ-008', 'Robert Harrington', 0.6185), ('ADJ-001', 'Sarah Mitchell', 0.618)]",ADJ-004,0
CP-0076,C,0,ADJ-014,Rachel Coleman,0.8291,"[('ADJ-014', 'Rachel Coleman', 0.8291), ('ADJ-006', ""David O'Brien"", 0.825), ('ADJ-015', 'Christopher Adams', 0.7416), ('ADJ-004', 'Marcus Thompson', 0.7147), ('ADJ-009', 'Kevin Walsh', 0.6478), ('ADJ-008', 'Robert Harrington', 0.6185), ('ADJ-001', 'Sarah Mitchell', 0.618)]",ADJ-008,0
CP-0077,0,B,ADJ-014,Rachel Coleman,0.8291,"[('ADJ-014', 'Rachel Coleman', 0.8291), ('ADJ-006', ""David O'Brien"", 0.825), ('ADJ-015', 'Christopher Adams', 0.8166), ('ADJ-004', 'Marcus Thompson', 0.7897), ('ADJ-008', 'Robert Harrington', 0.7685), ('ADJ-001', 'Sarah Mitchell', 0.768), ('ADJ-009', 'Kevin Walsh', 0.7228)]",ADJ-015,0
CP-0078,C,C,ADJ-014,Rachel Coleman,0.8291,"[('ADJ-014', 'Rachel Coleman', 0.8291), ('ADJ-006', ""David O'Brien"", 0.825), ('ADJ-015', 'Christopher Adams', 0.7416), ('ADJ-004', 'Marcus Thompson', 0.7147), ('ADJ-009', 'Kevin Walsh', 0.6478), ('ADJ-008', 'Robert Harrington', 0.6185), ('ADJ-001', 'Sarah Mitchell', 0.618)]",ADJ-001,0
CP-0079,C,C,ADJ-014,Rachel Coleman,0.8291,"[('ADJ-014', 'Rachel Coleman', 0.8291), ('ADJ-006', ""David O'Brien"", 0.825), ('ADJ-015', 'Christopher Adams', 0.7416), ('ADJ-004', 'Marcus Thompson', 0.7147), ('ADJ-009', 'Kevin Walsh', 0.6478), ('ADJ-008', 'Robert Harrington', 0.6185), ('ADJ-001', 'Sarah Mitchell', 0.618)]",ADJ-014,1
CP-0080,0,0,ADJ-014,Rachel Coleman,0.8291,"[('ADJ-014', 'Rachel Coleman', 0.8291), ('ADJ-006', ""David O'Brien"", 0.825), ('ADJ-015', 'Christopher Adams', 0.8166), ('ADJ-004', 'Marcus Thompson', 0.7897), ('ADJ-008', 'Robert Harrington', 0.7685), ('ADJ-001', 'Sarah Mitchell', 0.768), ('ADJ-009', 'Kevin Walsh', 0.7228)]",ADJ-006,0
CP-0081,C,B,ADJ-014,Rachel Coleman,0.8291,"[('ADJ-014', 'Rachel Coleman', 0.8291), ('ADJ-006', ""David O'Brien"", 0.825), ('ADJ-015', 'Christopher Adams', 0.7416), ('ADJ-004', 'Marcus Thompson', 0.7147), ('ADJ-009', 'Kevin Walsh', 0.6478), ('ADJ-008', 'Robert Harrington', 0.6185), ('ADJ-001', 'Sarah Mitchell', 0.618)]",ADJ-004,0
CP-0082,C,0,ADJ-014,Rachel Coleman,0.8291,"[('ADJ-014', 'Rachel Coleman', 0.8291), ('ADJ-006', ""David O'Brien"", 0.825), ('ADJ-015', 'Christopher Adams', 0.7416), ('ADJ-004', 'Marcus Thompson', 0.7147), ('ADJ-009', 'Kevin Walsh', 0.6478), ('ADJ-008', 'Robert Harrington', 0.6185), ('ADJ-001', 'Sarah Mitchell', 0.618)]",ADJ-004,0
CP-0083,C,C,ADJ-014,Rachel Coleman,0.8291,"[('ADJ-014', 'Rachel Coleman', 0.8291), ('ADJ-006', ""David O'Brien"", 0.825), ('ADJ-015', 'Christopher Adams', 0.7416), ('ADJ-004', 'Marcus Thompson', 0.7147), ('ADJ-009', 'Kevin Walsh', 0.6478), ('ADJ-008', 'Robert Harrington', 0.6185), ('ADJ-001', 'Sarah Mitchell', 0.618)]",ADJ-015,0
CP-0084,C,C,ADJ-014,Rachel Coleman,0.8291,"[('ADJ-014', 'Rachel Coleman', 0.8291), ('ADJ-006', ""David O'Brien"", 0.825), ('ADJ-015', 'Christopher Adams', 0.7416), ('ADJ-004', 'Marcus Thompson', 0.7147), ('ADJ-009', 'Kevin Walsh', 0.6478), ('ADJ-008', 'Robert Harrington', 0.6185), ('ADJ-001', 'Sarah Mitchell', 0.618)]",ADJ-015,0
CP-0085,0,0,ADJ-014,Rachel Coleman,0.8291,"[('ADJ-014', 'Rachel Coleman', 0.8291), ('ADJ-006', ""David O'Brien"", 0.825), ('ADJ-015', 'Christopher Adams', 0.8166), ('ADJ-004', 'Marcus Thompson', 0.7897), ('ADJ-008', 'Robert Harrington', 0.7685), ('ADJ-001', 'Sarah Mitchell', 0.768), ('ADJ-009', 'Kevin Walsh', 0.7228)]",ADJ-004,0
CP-0086,C,0,ADJ-014,Rachel Coleman,0.8291,"[('ADJ-014', 'Rachel Coleman', 0.8291), ('ADJ-006', ""David O'Brien"", 0.825), ('ADJ-015', 'Christopher Adams', 0.7416), ('ADJ-004', 'Marcus Thompson', 0.7147), ('ADJ-009', 'Kevin Walsh', 0.6478), ('ADJ-008', 'Robert Harrington', 0.6185), ('ADJ-001', 'Sarah Mitchell', 0.618)]",ADJ-006,0
CP-0087,C,C,ADJ-014,Rachel Coleman,0.8291,"[('ADJ-014', 'Rachel Coleman', 0.8291), ('ADJ-006', ""David O'Brien"", 0.825), ('ADJ-015', 'Christopher Adams', 0.7416), ('ADJ-004', 'Marcus Thompson', 0.7147), ('ADJ-009', 'Kevin Walsh', 0.6478), ('ADJ-008', 'Robert Harrington', 0.6185), ('ADJ-001', 'Sarah Mitchell', 0.618)]",ADJ-009,0
CP-0088,A,A,ADJ-014,Rachel Coleman,0.8291,"[('ADJ-014', 'Rachel Coleman', 0.8291), ('ADJ-006', ""David O'Brien"", 0.825), ('ADJ-015', 'Christopher Adams', 0.8166), ('ADJ-004', 'Marcus Thompson', 0.7897), ('ADJ-008', 'Robert Harrington', 0.7685), ('ADJ-001', 'Sarah Mitchell', 0.768), ('ADJ-009', 'Kevin Walsh', 0.7228)]",ADJ-009,0
CP-0089,C,C,ADJ-014,Rachel Coleman,0.8291,"[('ADJ-014', 'Rachel Coleman', 0.8291), ('ADJ-006', ""David O'Brien"", 0.825), ('ADJ-015', 'Christopher Adams', 0.7416), ('ADJ-004', 'Marcus Thompson', 0.7147), ('ADJ-009', 'Kevin Walsh', 0.6478), ('ADJ-008', 'Robert Harrington', 0.6185), ('ADJ-001', 'Sarah Mitchell', 0.618)]",ADJ-006,0
CP-0090,C,C,ADJ-014,Rachel Coleman,0.8291,"[('ADJ-014', 'Rachel Coleman', 0.8291), ('ADJ-006', ""David O'Brien"", 0.825), ('ADJ-015', 'Christopher Adams', 0.7416), ('ADJ-004', 'Marcus Thompson', 0.7147), ('ADJ-009', 'Kevin Walsh', 0.6478), ('ADJ-008', 'Robert Harrington', 0.6185), ('ADJ-001', 'Sarah Mitchell', 0.618)]",ADJ-008,0
CP-0091,C,C,ADJ-014,Rachel Coleman,0.8291,"[('ADJ-014', 'Rachel Coleman', 0.8291), ('ADJ-006', ""David O'Brien"", 0.825), ('ADJ-015', 'Christopher Adams', 0.7416), ('ADJ-004', 'Marcus Thompson', 0.7147), ('ADJ-009', 'Kevin Walsh', 0.6478), ('ADJ-008', 'Robert Harrington', 0.6185), ('ADJ-001', 'Sarah Mitchell', 0.618)]",ADJ-009,0
CP-0092,B,B,ADJ-014,Rachel Coleman,0.8291,"[('ADJ-014', 'Rachel Coleman', 0.8291), ('ADJ-006', ""David O'Brien"", 0.825), ('ADJ-015', 'Christopher Adams', 0.8166), ('ADJ-004', 'Marcus Thompson', 0.7897), ('ADJ-009', 'Kevin Walsh', 0.7228), ('ADJ-008', 'Robert Harrington', 0.6435), ('ADJ-001', 'Sarah Mitchell', 0.643)]",ADJ-008,0
CP-0093,0,0,ADJ-014,Rachel Coleman,0.8291,"[('ADJ-014', 'Rachel Coleman', 0.8291), ('ADJ-006', ""David O'Brien"", 0.825), ('ADJ-015', 'Christopher Adams', 0.8166), ('ADJ-004', 'Marcus Thompson', 0.7897), ('ADJ-008', 'Robert Harrington', 0.7685), ('ADJ-001', 'Sarah Mitchell', 0.768), ('ADJ-009', 'Kevin Walsh', 0.7228)]",ADJ-014,1
CP-0094,C,C,ADJ-014,Rachel Coleman,0.8291,"[('ADJ-014', 'Rachel Coleman', 0.8291), ('ADJ-006', ""David O'Brien"", 0.825), ('ADJ-015', 'Christopher Adams', 0.7416), ('ADJ-004', 'Marcus Thompson', 0.7147), ('ADJ-009', 'Kevin Walsh', 0.6478), ('ADJ-008', 'Robert Harrington', 0.6185), ('ADJ-001', 'Sarah Mitchell', 0.618)]",ADJ-006,0
CP-0095,C,C,ADJ-014,Rachel Coleman,0.8291,"[('ADJ-014', 'Rachel Coleman', 0.8291), ('ADJ-006', ""David O'Brien"", 0.825), ('ADJ-015', 'Christopher Adams', 0.7416), ('ADJ-004', 'Marcus Thompson', 0.7147), ('ADJ-009', 'Kevin Walsh', 0.6478), ('ADJ-008', 'Robert Harrington', 0.6185), ('ADJ-001', 'Sarah Mitchell', 0.618)]",ADJ-001,0
CP-0096,C,C,ADJ-014,Rachel Coleman,0.8291,"[('ADJ-014', 'Rachel Coleman', 0.8291), ('ADJ-006', ""David O'Brien"", 0.825), ('ADJ-015', 'Christopher Adams', 0.7416), ('ADJ-004', 'Marcus Thompson', 0.7147), ('ADJ-009', 'Kevin Walsh', 0.6478), ('ADJ-008', 'Robert Harrington', 0.6185), ('ADJ-001', 'Sarah Mitchell', 0.618)]",ADJ-008,0
CP-0097,C,C,ADJ-014,Rachel Coleman,0.8291,"[('ADJ-014', 'Rachel Coleman', 0.8291), ('ADJ-006', ""David O'Brien"", 0.825), ('ADJ-015', 'Christopher Adams', 0.7416), ('ADJ-004', 'Marcus Thompson', 0.7147), ('ADJ-009', 'Kevin Walsh', 0.6478), ('ADJ-008', 'Robert Harrington', 0.6185), ('ADJ-001', 'Sarah Mitchell', 0.618)]",ADJ-008,0
CP-0098,C,C,ADJ-014,Rachel Coleman,0.8291,"[('ADJ-014', 'Rachel Coleman', 0.8291), ('ADJ-006', ""David O'Brien"", 0.825), ('ADJ-015', 'Christopher Adams', 0.7416), ('ADJ-004', 'Marcus Thompson', 0.7147), ('ADJ-009', 'Kevin Walsh', 0.6478), ('ADJ-008', 'Robert Harrington', 0.6185), ('ADJ-001', 'Sarah Mitchell', 0.618)]",ADJ-008,0
CP-0099,0,0,ADJ-014,Rachel Coleman,0.8291,"[('ADJ-014', 'Rachel Coleman', 0.8291), ('ADJ-006', ""David O'Brien"", 0.825), ('ADJ-015', 'Christopher Adams', 0.8166), ('ADJ-004', 'Marcus Thompson', 0.7897), ('ADJ-008', 'Robert Harrington', 0.7685), ('ADJ-001', 'Sarah Mitchell', 0.768), ('ADJ-009', 'Kevin Walsh', 0.7228)]",ADJ-009,0
CP-0100,C,C,ADJ-014,Rachel Coleman,0.8291,"[('ADJ-014', 'Rachel Coleman', 0.8291), ('ADJ-006', ""David O'Brien"", 0.825), ('ADJ-015', 'Christopher Adams', 0.7416), ('ADJ-004', 'Marcus Thompson', 0.7147), ('ADJ-009', 'Kevin Walsh', 0.6478), ('ADJ-008', 'Robert Harrington', 0.6185), ('ADJ-001', 'Sarah Mitchell', 0.618)]",ADJ-008,0
CP-0101,0,0,ADJ-014,Rachel Coleman,0.8291,"[('ADJ-014', 'Rachel Coleman', 0.8291), ('ADJ-006', ""David O'Brien"", 0.825), ('ADJ-015', 'Christopher Adams', 0.8166), ('ADJ-004', 'Marcus Thompson', 0.7897), ('ADJ-008', 'Robert Harrington', 0.7685), ('ADJ-001', 'Sarah Mitchell', 0.768), ('ADJ-009', 'Kevin Walsh', 0.7228)]",ADJ-001,0
CP-0102,0,0,ADJ-014,Rachel Coleman,0.8291,"[('ADJ-014', 'Rachel Coleman', 0.8291), ('ADJ-006', ""David O'Brien"", 0.825), ('ADJ-015', 'Christopher Adams', 0.8166), ('ADJ-004', 'Marcus Thompson', 0.7897), ('ADJ-008', 'Robert Harrington', 0.7685), ('ADJ-001', 'Sarah Mitchell', 0.768), ('ADJ-009', 'Kevin Walsh', 0.7228)]",ADJ-014,1
CP-0103,0,0,ADJ-014,Rachel Coleman,0.8291,"[('ADJ-014', 'Rachel Coleman', 0.8291), ('ADJ-006', ""David O'Brien"", 0.825), ('ADJ-015', 'Christopher Adams', 0.8166), ('ADJ-004', 'Marcus Thompson', 0.7897), ('ADJ-008', 'Robert Harrington', 0.7685), ('ADJ-001', 'Sarah Mitchell', 0.768), ('ADJ-009', 'Kevin Walsh', 0.7228)]",ADJ-004,0
CP-0104,C,C,ADJ-014,Rachel Coleman,0.8291,"[('ADJ-014', 'Rachel Coleman', 0.8291), ('ADJ-006', ""David O'Brien"", 0.825), ('ADJ-015', 'Christopher Adams', 0.7416), ('ADJ-004', 'Marcus Thompson', 0.7147), ('ADJ-009', 'Kevin Walsh', 0.6478), ('ADJ-008', 'Robert Harrington', 0.6185), ('ADJ-001', 'Sarah Mitchell', 0.618)]",ADJ-015,0
CP-0105,A,A,ADJ-014,Rachel Coleman,0.8291,"[('ADJ-014', 'Rachel Coleman', 0.8291), ('ADJ-006', ""David O'Brien"", 0.825), ('ADJ-015', 'Christopher Adams', 0.8166), ('ADJ-004', 'Marcus Thompson', 0.7897), ('ADJ-008', 'Robert Harrington', 0.7685), ('ADJ-001', 'Sarah Mitchell', 0.768), ('ADJ-009', 'Kevin Walsh', 0.7228)]",ADJ-004,0
CP-0106,C,C,ADJ-014,Rachel Coleman,0.8291,"[('ADJ-014', 'Rachel Coleman', 0.8291), ('ADJ-006', ""David O'Brien"", 0.825), ('ADJ-015', 'Christopher Adams', 0.7416), ('ADJ-004', 'Marcus Thompson', 0.7147), ('ADJ-009', 'Kevin Walsh', 0.6478), ('ADJ-008', 'Robert Harrington', 0.6185), ('ADJ-001', 'Sarah Mitchell', 0.618)]",ADJ-014,1
CP-0107,C,0,ADJ-014,Rachel Coleman,0.8291,"[('ADJ-014', 'Rachel Coleman', 0.8291), ('ADJ-006', ""David O'Brien"", 0.825), ('ADJ-015', 'Christopher Adams', 0.7416), ('ADJ-004', 'Marcus Thompson', 0.7147), ('ADJ-009', 'Kevin Walsh', 0.6478), ('ADJ-008', 'Robert Harrington', 0.6185), ('ADJ-001', 'Sarah Mitchell', 0.618)]",ADJ-004,0
CP-0108,0,0,ADJ-014,Rachel Coleman,0.8291,"[('ADJ-014', 'Rachel Coleman', 0.8291), ('ADJ-006', ""David O'Brien"", 0.825), ('ADJ-015', 'Christopher Adams', 0.8166), ('ADJ-004', 'Marcus Thompson', 0.7897), ('ADJ-008', 'Robert Harrington', 0.7685), ('ADJ-001', 'Sarah Mitchell', 0.768), ('ADJ-009', 'Kevin Walsh', 0.7228)]",ADJ-001,0
CP-0109,C,C,ADJ-014,Rachel Coleman,0.8291,"[('ADJ-014', 'Rachel Coleman', 0.8291), ('ADJ-006', ""David O'Brien"", 0.825), ('ADJ-015', 'Christopher Adams', 0.7416), ('ADJ-004', 'Marcus Thompson', 0.7147), ('ADJ-009', 'Kevin Walsh', 0.6478), ('ADJ-008', 'Robert Harrington', 0.6185), ('ADJ-001', 'Sarah Mitchell', 0.618)]",ADJ-004,0
CP-0110,0,0,ADJ-014,Rachel Coleman,0.8291,"[('ADJ-014', 'Rachel Coleman', 0.8291), ('ADJ-006', ""David O'Brien"", 0.825), ('ADJ-015', 'Christopher Adams', 0.8166), ('ADJ-004', 'Marcus Thompson', 0.7897), ('ADJ-008', 'Robert Harrington', 0.7685), ('ADJ-001', 'Sarah Mitchell', 0.768), ('ADJ-009', 'Kevin Walsh', 0.7228)]",ADJ-006,0
CP-0111,0,0,ADJ-014,Rachel Coleman,0.8291,"[('ADJ-014', 'Rachel Coleman', 0.8291), ('ADJ-006', ""David O'Brien"", 0.825), ('ADJ-015', 'Christopher Adams', 0.8166), ('ADJ-004', 'Marcus Thompson', 0.7897), ('ADJ-008', 'Robert Harrington', 0.7685), ('ADJ-001', 'Sarah Mitchell', 0.768), ('ADJ-009', 'Kevin Walsh', 0.7228)]",ADJ-008,0
CP-0112,C,C,ADJ-014,Rachel Coleman,0.8291,"[('ADJ-014', 'Rachel Coleman', 0.8291), ('ADJ-006', ""David O'Brien"", 0.825), ('ADJ-015', 'Christopher Adams', 0.7416), ('ADJ-004', 'Marcus Thompson', 0.7147), ('ADJ-009', 'Kevin Walsh', 0.6478), ('ADJ-008', 'Robert Harrington', 0.6185), ('ADJ-001', 'Sarah Mitchell', 0.618)]",ADJ-008,0
CP-0113,B,B,ADJ-014,Rachel Coleman,0.8291,"[('ADJ-014', 'Rachel Coleman', 0.8291), ('ADJ-006', ""David O'Brien"", 0.825), ('ADJ-015', 'Christopher Adams', 0.8166), ('ADJ-004', 'Marcus Thompson', 0.7897), ('ADJ-009', 'Kevin Walsh', 0.7228), ('ADJ-008', 'Robert Harrington', 0.6435), ('ADJ-001', 'Sarah Mitchell', 0.643)]",ADJ-004,0
CP-0114,0,0,ADJ-014,Rachel Coleman,0.8291,"[('ADJ-014', 'Rachel Coleman', 0.8291), ('ADJ-006', ""David O'Brien"", 0.825), ('ADJ-015', 'Christopher Adams', 0.8166), ('ADJ-004', 'Marcus Thompson', 0.7897), ('ADJ-008', 'Robert Harrington', 0.7685), ('ADJ-001', 'Sarah Mitchell', 0.768), ('ADJ-009', 'Kevin Walsh', 0.7228)]",ADJ-008,0
CP-0115,C,C,ADJ-014,Rachel Coleman,0.8291,"[('ADJ-014', 'Rachel Coleman', 0.8291), ('ADJ-006', ""David O'Brien"", 0.825), ('ADJ-015', 'Christopher Adams', 0.7416), ('ADJ-004', 'Marcus Thompson', 0.7147), ('ADJ-009', 'Kevin Walsh', 0.6478), ('ADJ-008', 'Robert Harrington', 0.6185), ('ADJ-001', 'Sarah Mitchell', 0.618)]",ADJ-004,0
CP-0116,0,0,ADJ-014,Rachel Coleman,0.8291,"[('ADJ-014', 'Rachel Coleman', 0.8291), ('ADJ-006', ""David O'Brien"", 0.825), ('ADJ-015', 'Christopher Adams', 0.8166), ('ADJ-004', 'Marcus Thompson', 0.7897), ('ADJ-008', 'Robert Harrington', 0.7685), ('ADJ-001', 'Sarah Mitchell', 0.768), ('ADJ-009', 'Kevin Walsh', 0.7228)]",ADJ-009,0
CP-0117,0,C,ADJ-014,Rachel Coleman,0.8291,"[('ADJ-014', 'Rachel Coleman', 0.8291), ('ADJ-006', ""David O'Brien"", 0.825), ('ADJ-015', 'Christopher Adams', 0.8166), ('ADJ-004', 'Marcus Thompson', 0.7897), ('ADJ-008', 'Robert Harrington', 0.7685), ('ADJ-001', 'Sarah Mitchell', 0.768), ('ADJ-009', 'Kevin Walsh', 0.7228)]",ADJ-015,0
CP-0118,C,C,ADJ-014,Rachel Coleman,0.8291,"[('ADJ-014', 'Rachel Coleman', 0.8291), ('ADJ-006', ""David O'Brien"", 0.825), ('ADJ-015', 'Christopher Adams', 0.7416), ('ADJ-004', 'Marcus Thompson', 0.7147), ('ADJ-009', 'Kevin Walsh', 0.6478), ('ADJ-008', 'Robert Harrington', 0.6185), ('ADJ-001', 'Sarah Mitchell', 0.618)]",ADJ-004,0
CP-0119,C,C,ADJ-014,Rachel Coleman,0.8291,"[('ADJ-014', 'Rachel Coleman', 0.8291), ('ADJ-006', ""David O'Brien"", 0.825), ('ADJ-015', 'Christopher Adams', 0.7416), ('ADJ-004', 'Marcus Thompson', 0.7147), ('ADJ-009', 'Kevin Walsh', 0.6478), ('ADJ-008', 'Robert Harrington', 0.6185), ('ADJ-001', 'Sarah Mitchell', 0.618)]",ADJ-001,0
CP-0120,B,B,ADJ-014,Rachel Coleman,0.8291,"[('ADJ-014', 'Rachel Coleman', 0.8291), ('ADJ-006', ""David O'Brien"", 0.825), ('ADJ-015', 'Christopher Adams', 0.8166), ('ADJ-004', 'Marcus Thompson', 0.7897), ('ADJ-009', 'Kevin Walsh', 0.7228), ('ADJ-008', 'Robert Harrington', 0.6435), ('ADJ-001', 'Sarah Mitchell', 0.643)]",ADJ-014,1
CP-0121,0,0,ADJ-014,Rachel Coleman,0.8291,"[('ADJ-014', 'Rachel Coleman', 0.8291), ('ADJ-006', ""David O'Brien"", 0.825), ('ADJ-015', 'Christopher Adams', 0.8166), ('ADJ-004', 'Marcus Thompson', 0.7897), ('ADJ-008', 'Robert Harrington', 0.7685), ('ADJ-001', 'Sarah Mitchell', 0.768), ('ADJ-009', 'Kevin Walsh', 0.7228)]",ADJ-004,0
CP-0122,B,C,ADJ-014,Rachel Coleman,0.8291,"[('ADJ-014', 'Rachel Coleman', 0.8291), ('ADJ-006', ""David O'Brien"", 0.825), ('ADJ-015', 'Christopher Adams', 0.8166), ('ADJ-004', 'Marcus Thompson', 0.7897), ('ADJ-009', 'Kevin Walsh', 0.7228), ('ADJ-008', 'Robert Harrington', 0.6435), ('ADJ-001', 'Sarah Mitchell', 0.643)]",ADJ-001,0
CP-0123,C,C,ADJ-014,Rachel Coleman,0.8291,"[('ADJ-014', 'Rachel Coleman', 0.8291), ('ADJ-006', ""David O'Brien"", 0.825), ('ADJ-015', 'Christopher Adams', 0.7416), ('ADJ-004', 'Marcus Thompson', 0.7147), ('ADJ-009', 'Kevin Walsh', 0.6478), ('ADJ-008', 'Robert Harrington', 0.6185), ('ADJ-001', 'Sarah Mitchell', 0.618)]",ADJ-004,0
CP-0124,C,C,ADJ-014,Rachel Coleman,0.8291,"[('ADJ-014', 'Rachel Coleman', 0.8291), ('ADJ-006', ""David O'Brien"", 0.825), ('ADJ-015', 'Christopher Adams', 0.7416), ('ADJ-004', 'Marcus Thompson', 0.7147), ('ADJ-009', 'Kevin Walsh', 0.6478), ('ADJ-008', 'Robert Harrington', 0.6185), ('ADJ-001', 'Sarah Mitchell', 0.618)]",ADJ-014,1
CP-0125,C,C,ADJ-014,Rachel Coleman,0.8291,"[('ADJ-014', 'Rachel Coleman', 0.8291), ('ADJ-006', ""David O'Brien"", 0.825), ('ADJ-015', 'Christopher Adams', 0.7416), ('ADJ-004', 'Marcus Thompson', 0.7147), ('ADJ-009', 'Kevin Walsh', 0.6478), ('ADJ-008', 'Robert Harrington', 0.6185), ('ADJ-001', 'Sarah Mitchell', 0.618)]",ADJ-004,0
CP-0126,C,C,ADJ-014,Rachel Coleman,0.8291,"[('ADJ-014', 'Rachel Coleman', 0.8291), ('ADJ-006', ""David O'Brien"", 0.825), ('ADJ-015', 'Christopher Adams', 0.7416), ('ADJ-004', 'Marcus Thompson', 0.7147), ('ADJ-009', 'Kevin Walsh', 0.6478), ('ADJ-008', 'Robert Harrington', 0.6185), ('ADJ-001', 'Sarah Mitchell', 0.618)]",ADJ-004,0
CP-0127,0,0,ADJ-014,Rachel Coleman,0.8291,"[('ADJ-014', 'Rachel Coleman', 0.8291), ('ADJ-006', ""David O'Brien"", 0.825), ('ADJ-015', 'Christopher Adams', 0.8166), ('ADJ-004', 'Marcus Thompson', 0.7897), ('ADJ-008', 'Robert Harrington', 0.7685), ('ADJ-001', 'Sarah Mitchell', 0.768), ('ADJ-009', 'Kevin Walsh', 0.7228)]",ADJ-001,0
CP-0128,B,B,ADJ-014,Rachel Coleman,0.8291,"[('ADJ-014', 'Rachel Coleman', 0.8291), ('ADJ-006', ""David O'Brien"", 0.825), ('ADJ-015', 'Christopher Adams', 0.8166), ('ADJ-004', 'Marcus Thompson', 0.7897), ('ADJ-009', 'Kevin Walsh', 0.7228), ('ADJ-008', 'Robert Harrington', 0.6435), ('ADJ-001', 'Sarah Mitchell', 0.643)]",ADJ-006,0
CP-0129,C,C,ADJ-014,Rachel Coleman,0.8291,"[('ADJ-014', 'Rachel Coleman', 0.8291), ('ADJ-006', ""David O'Brien"", 0.825), ('ADJ-015', 'Christopher Adams', 0.7416), ('ADJ-004', 'Marcus Thompson', 0.7147), ('ADJ-009', 'Kevin Walsh', 0.6478), ('ADJ-008', 'Robert Harrington', 0.6185), ('ADJ-001', 'Sarah Mitchell', 0.618)]",ADJ-014,1
CP-0130,C,C,ADJ-014,Rachel Coleman,0.8291,"[('ADJ-014', 'Rachel Coleman', 0.8291), ('ADJ-006', ""David O'Brien"", 0.825), ('ADJ-015', 'Christopher Adams', 0.7416), ('ADJ-004', 'Marcus Thompson', 0.7147), ('ADJ-009', 'Kevin Walsh', 0.6478), ('ADJ-008', 'Robert Harrington', 0.6185), ('ADJ-001', 'Sarah Mitchell', 0.618)]",ADJ-004,0
CP-0131,0,0,ADJ-014,Rachel Coleman,0.8291,"[('ADJ-014', 'Rachel Coleman', 0.8291), ('ADJ-006', ""David O'Brien"", 0.825), ('ADJ-015', 'Christopher Adams', 0.8166), ('ADJ-004', 'Marcus Thompson', 0.7897), ('ADJ-008', 'Robert Harrington', 0.7685), ('ADJ-001', 'Sarah Mitchell', 0.768), ('ADJ-009', 'Kevin Walsh', 0.7228)]",ADJ-001,0
CP-0132,C,C,ADJ-014,Rachel Coleman,0.8291,"[('ADJ-014', 'Rachel Coleman', 0.8291), ('ADJ-006', ""David O'Brien"", 0.825), ('ADJ-015', 'Christopher Adams', 0.7416), ('ADJ-004', 'Marcus Thompson', 0.7147), ('ADJ-009', 'Kevin Walsh', 0.6478), ('ADJ-008', 'Robert Harrington', 0.6185), ('ADJ-001', 'Sarah Mitchell', 0.618)]",ADJ-004,0
CP-0133,A,C,ADJ-014,Rachel Coleman,0.8291,"[('ADJ-014', 'Rachel Coleman', 0.8291), ('ADJ-006', ""David O'Brien"", 0.825), ('ADJ-015', 'Christopher Adams', 0.8166), ('ADJ-004', 'Marcus Thompson', 0.7897), ('ADJ-008', 'Robert Harrington', 0.7685), ('ADJ-001', 'Sarah Mitchell', 0.768), ('ADJ-009', 'Kevin Walsh', 0.7228)]",ADJ-006,0
CP-0134,C,C,ADJ-014,Rachel Coleman,0.8291,"[('ADJ-014', 'Rachel Coleman', 0.8291), ('ADJ-006', ""David O'Brien"", 0.825), ('ADJ-015', 'Christopher Adams', 0.7416), ('ADJ-004', 'Marcus Thompson', 0.7147), ('ADJ-009', 'Kevin Walsh', 0.6478), ('ADJ-008', 'Robert Harrington', 0.6185), ('ADJ-001', 'Sarah Mitchell', 0.618)]",ADJ-001,0
CP-0135,0,0,ADJ-014,Rachel Coleman,0.8291,"[('ADJ-014', 'Rachel Coleman', 0.8291), ('ADJ-006', ""David O'Brien"", 0.825), ('ADJ-015', 'Christopher Adams', 0.8166), ('ADJ-004', 'Marcus Thompson', 0.7897), ('ADJ-008', 'Robert Harrington', 0.7685), ('ADJ-001', 'Sarah Mitchell', 0.768), ('ADJ-009', 'Kevin Walsh', 0.7228)]",ADJ-004,0
CP-0136,C,C,ADJ-014,Rachel Coleman,0.8291,"[('ADJ-014', 'Rachel Coleman', 0.8291), ('ADJ-006', ""David O'Brien"", 0.825), ('ADJ-015', 'Christopher Adams', 0.7416), ('ADJ-004', 'Marcus Thompson', 0.7147), ('ADJ-009', 'Kevin Walsh', 0.6478), ('ADJ-008', 'Robert Harrington', 0.6185), ('ADJ-001', 'Sarah Mitchell', 0.618)]",ADJ-015,0
CP-0137,C,C,ADJ-014,Rachel Coleman,0.8291,"[('ADJ-014', 'Rachel Coleman', 0.8291), ('ADJ-006', ""David O'Brien"", 0.825), ('ADJ-015', 'Christopher Adams', 0.7416), ('ADJ-004', 'Marcus Thompson', 0.7147), ('ADJ-009', 'Kevin Walsh', 0.6478), ('ADJ-008', 'Robert Harrington', 0.6185), ('ADJ-001', 'Sarah Mitchell', 0.618)]",ADJ-001,0
CP-0138,B,B,ADJ-014,Rachel Coleman,0.8291,"[('ADJ-014', 'Rachel Coleman', 0.8291), ('ADJ-006', ""David O'Brien"", 0.825), ('ADJ-015', 'Christopher Adams', 0.8166), ('ADJ-004', 'Marcus Thompson', 0.7897), ('ADJ-009', 'Kevin Walsh', 0.7228), ('ADJ-008', 'Robert Harrington', 0.6435), ('ADJ-001', 'Sarah Mitchell', 0.643)]",ADJ-008,0
CP-0139,A,A,ADJ-014,Rachel Coleman,0.8291,"[('ADJ-014', 'Rachel Coleman', 0.8291), ('ADJ-006', ""David O'Brien"", 0.825), ('ADJ-015', 'Christopher Adams', 0.8166), ('ADJ-004', 'Marcus Thompson', 0.7897), ('ADJ-008', 'Robert Harrington', 0.7685), ('ADJ-001', 'Sarah Mitchell', 0.768), ('ADJ-009', 'Kevin Walsh', 0.7228)]",ADJ-004,0
CP-0140,C,C,ADJ-014,Rachel Coleman,0.8291,"[('ADJ-014', 'Rachel Coleman', 0.8291), ('ADJ-006', ""David O'Brien"", 0.825), ('ADJ-015', 'Christopher Adams', 0.7416), ('ADJ-004', 'Marcus Thompson', 0.7147), ('ADJ-009', 'Kevin Walsh', 0.6478), ('ADJ-008', 'Robert Harrington', 0.6185), ('ADJ-001', 'Sarah Mitchell', 0.618)]",ADJ-009,0
CP-0141,C,0,ADJ-014,Rachel Coleman,0.8291,"[('ADJ-014', 'Rachel Coleman', 0.8291), ('ADJ-006', ""David O'Brien"", 0.825), ('ADJ-015', 'Christopher Adams', 0.7416), ('ADJ-004', 'Marcus Thompson', 0.7147), ('ADJ-009', 'Kevin Walsh', 0.6478), ('ADJ-008', 'Robert Harrington', 0.6185), ('ADJ-001', 'Sarah Mitchell', 0.618)]",ADJ-009,0
CP-0142,C,C,ADJ-014,Rachel Coleman,0.8291,"[('ADJ-014', 'Rachel Coleman', 0.8291), ('ADJ-006', ""David O'Brien"", 0.825), ('ADJ-015', 'Christopher Adams', 0.7416), ('ADJ-004', 'Marcus Thompson', 0.7147), ('ADJ-009', 'Kevin Walsh', 0.6478), ('ADJ-008', 'Robert Harrington', 0.6185), ('ADJ-001', 'Sarah Mitchell', 0.618)]",ADJ-001,0
CP-0143,C,C,ADJ-014,Rachel Coleman,0.8291,"[('ADJ-014', 'Rachel Coleman', 0.8291), ('ADJ-006', ""David O'Brien"", 0.825), ('ADJ-015', 'Christopher Adams', 0.7416), ('ADJ-004', 'Marcus Thompson', 0.7147), ('ADJ-009', 'Kevin Walsh', 0.6478), ('ADJ-008', 'Robert Harrington', 0.6185), ('ADJ-001', 'Sarah Mitchell', 0.618)]",ADJ-006,0
CP-0144,C,C,ADJ-014,Rachel Coleman,0.8291,"[('ADJ-014', 'Rachel Coleman', 0.8291), ('ADJ-006', ""David O'Brien"", 0.825), ('ADJ-015', 'Christopher Adams', 0.7416), ('ADJ-004', 'Marcus Thompson', 0.7147), ('ADJ-009', 'Kevin Walsh', 0.6478), ('ADJ-008', 'Robert Harrington', 0.6185), ('ADJ-001', 'Sarah Mitchell', 0.618)]",ADJ-006,0
CP-0145,B,B,ADJ-014,Rachel Coleman,0.8291,"[('ADJ-014', 'Rachel Coleman', 0.8291), ('ADJ-006', ""David O'Brien"", 0.825), ('ADJ-015', 'Christopher Adams', 0.8166), ('ADJ-004', 'Marcus Thompson', 0.7897), ('ADJ-009', 'Kevin Walsh', 0.7228), ('ADJ-008', 'Robert Harrington', 0.6435), ('ADJ-001', 'Sarah Mitchell', 0.643)]",ADJ-009,0
CP-0146,0,0,ADJ-014,Rachel Coleman,0.8291,"[('ADJ-014', 'Rachel Coleman', 0.8291), ('ADJ-006', ""David O'Brien"", 0.825), ('ADJ-015', 'Christopher Adams', 0.8166), ('ADJ-004', 'Marcus Thompson', 0.7897), ('ADJ-008', 'Robert Harrington', 0.7685), ('ADJ-001', 'Sarah Mitchell', 0.768), ('ADJ-009', 'Kevin Walsh', 0.7228)]",ADJ-001,0
CP-0147,A,A,ADJ-014,Rachel Coleman,0.8291,"[('ADJ-014', 'Rachel Coleman', 0.8291), ('ADJ-006', ""David O'Brien"", 0.825), ('ADJ-015', 'Christopher Adams', 0.8166), ('ADJ-004', 'Marcus Thompson', 0.7897), ('ADJ-008', 'Robert Harrington', 0.7685), ('ADJ-001', 'Sarah Mitchell', 0.768), ('ADJ-009', 'Kevin Walsh', 0.7228)]",ADJ-008,0
CP-0148,0,0,ADJ-014,Rachel Coleman,0.8291,"[('ADJ-014', 'Rachel Coleman', 0.8291), ('ADJ-006', ""David O'Brien"", 0.825), ('ADJ-015', 'Christopher Adams', 0.8166), ('ADJ-004', 'Marcus Thompson', 0.7897), ('ADJ-008', 'Robert Harrington', 0.7685), ('ADJ-001', 'Sarah Mitchell', 0.768), ('ADJ-009', 'Kevin Walsh', 0.7228)]",ADJ-006,0
CP-0149,C,C,ADJ-014,Rachel Coleman,0.8291,"[('ADJ-014', 'Rachel Coleman', 0.8291), ('ADJ-006', ""David O'Brien"", 0.825), ('ADJ-015', 'Christopher Adams', 0.7416), ('ADJ-004', 'Marcus Thompson', 0.7147), ('ADJ-009', 'Kevin Walsh', 0.6478), ('ADJ-008', 'Robert Harrington', 0.6185), ('ADJ-001', 'Sarah Mitchell', 0.618)]",ADJ-014,1
CP-0150,0,A,ADJ-014,Rachel Coleman,0.8291,"[('ADJ-014', 'Rachel Coleman', 0.8291), ('ADJ-006', ""David O'Brien"", 0.825), ('ADJ-015', 'Christopher Adams', 0.8166), ('ADJ-004', 'Marcus Thompson', 0.7897), ('ADJ-008', 'Robert Harrington', 0.7685), ('ADJ-001', 'Sarah Mitchell', 0.768), ('ADJ-009', 'Kevin Walsh', 0.7228)]",ADJ-009,0
CP-0151,C,C,ADJ-014,Rachel Coleman,0.8291,"[('ADJ-014', 'Rachel Coleman', 0.8291), ('ADJ-006', ""David O'Brien"", 0.825), ('ADJ-015', 'Christopher Adams', 0.7416), ('ADJ-004', 'Marcus Thompson', 0.7147), ('ADJ-009', 'Kevin Walsh', 0.6478), ('ADJ-008', 'Robert Harrington', 0.6185), ('ADJ-001', 'Sarah Mitchell', 0.618)]",ADJ-009,0
CP-0152,C,C,ADJ-014,Rachel Coleman,0.8291,"[('ADJ-014', 'Rachel Coleman', 0.8291), ('ADJ-006', ""David O'Brien"", 0.825), ('ADJ-015', 'Christopher Adams', 0.7416), ('ADJ-004', 'Marcus Thompson', 0.7147), ('ADJ-009', 'Kevin Walsh', 0.6478), ('ADJ-008', 'Robert Harrington', 0.6185), ('ADJ-001', 'Sarah Mitchell', 0.618)]",ADJ-008,0
CP-0153,A,C,ADJ-014,Rachel Coleman,0.8291,"[('ADJ-014', 'Rachel Coleman', 0.8291), ('ADJ-006', ""David O'Brien"", 0.825), ('ADJ-015', 'Christopher Adams', 0.8166), ('ADJ-004', 'Marcus Thompson', 0.7897), ('ADJ-008', 'Robert Harrington', 0.7685), ('ADJ-001', 'Sarah Mitchell', 0.768), ('ADJ-009', 'Kevin Walsh', 0.7228)]",ADJ-001,0
CP-0154,B,B,ADJ-014,Rachel Coleman,0.8291,"[('ADJ-014', 'Rachel Coleman', 0.8291), ('ADJ-006', ""David O'Brien"", 0.825), ('ADJ-015', 'Christopher Adams', 0.8166), ('ADJ-004', 'Marcus Thompson', 0.7897), ('ADJ-009', 'Kevin Walsh', 0.7228), ('ADJ-008', 'Robert Harrington', 0.6435), ('ADJ-001', 'Sarah Mitchell', 0.643)]",ADJ-014,1
CP-0155,C,C,ADJ-014,Rachel Coleman,0.8291,"[('ADJ-014', 'Rachel Coleman', 0.8291), ('ADJ-006', ""David O'Brien"", 0.825), ('ADJ-015', 'Christopher Adams', 0.7416), ('ADJ-004', 'Marcus Thompson', 0.7147), ('ADJ-009', 'Kevin Walsh', 0.6478), ('ADJ-008', 'Robert Harrington', 0.6185), ('ADJ-001', 'Sarah Mitchell', 0.618)]",ADJ-008,0
CP-0156,C,C,ADJ-014,Rachel Coleman,0.8291,"[('ADJ-014', 'Rachel Coleman', 0.8291), ('ADJ-006', ""David O'Brien"", 0.825), ('ADJ-015', 'Christopher Adams', 0.7416), ('ADJ-004', 'Marcus Thompson', 0.7147), ('ADJ-009', 'Kevin Walsh', 0.6478), ('ADJ-008', 'Robert Harrington', 0.6185), ('ADJ-001', 'Sarah Mitchell', 0.618)]",ADJ-006,0
CP-0157,C,C,ADJ-014,Rachel Coleman,0.8291,"[('ADJ-014', 'Rachel Coleman', 0.8291), ('ADJ-006', ""David O'Brien"", 0.825), ('ADJ-015', 'Christopher Adams', 0.7416), ('ADJ-004', 'Marcus Thompson', 0.7147), ('ADJ-009', 'Kevin Walsh', 0.6478), ('ADJ-008', 'Robert Harrington', 0.6185), ('ADJ-001', 'Sarah Mitchell', 0.618)]",ADJ-004,0
CP-0158,C,C,ADJ-014,Rachel Coleman,0.8291,"[('ADJ-014', 'Rachel Coleman', 0.8291), ('ADJ-006', ""David O'Brien"", 0.825), ('ADJ-015', 'Christopher Adams', 0.7416), ('ADJ-004', 'Marcus Thompson', 0.7147), ('ADJ-009', 'Kevin Walsh', 0.6478), ('ADJ-008', 'Robert Harrington', 0.6185), ('ADJ-001', 'Sarah Mitchell', 0.618)]",ADJ-004,0
CP-0159,C,C,ADJ-014,Rachel Coleman,0.8291,"[('ADJ-014', 'Rachel Coleman', 0.8291), ('ADJ-006', ""David O'Brien"", 0.825), ('ADJ-015', 'Christopher Adams', 0.7416), ('ADJ-004', 'Marcus Thompson', 0.7147), ('ADJ-009', 'Kevin Walsh', 0.6478), ('ADJ-008', 'Robert Harrington', 0.6185), ('ADJ-001', 'Sarah Mitchell', 0.618)]",ADJ-006,0
CP-0160,0,C,ADJ-014,Rachel Coleman,0.8291,"[('ADJ-014', 'Rachel Coleman', 0.8291), ('ADJ-006', ""David O'Brien"", 0.825), ('ADJ-015', 'Christopher Adams', 0.8166), ('ADJ-004', 'Marcus Thompson', 0.7897), ('ADJ-008', 'Robert Harrington', 0.7685), ('ADJ-001', 'Sarah Mitchell', 0.768), ('ADJ-009', 'Kevin Walsh', 0.7228)]",ADJ-009,0
CP-0161,C,C,ADJ-014,Rachel Coleman,0.8291,"[('ADJ-014', 'Rachel Coleman', 0.8291), ('ADJ-006', ""David O'Brien"", 0.825), ('ADJ-015', 'Christopher Adams', 0.7416), ('ADJ-004', 'Marcus Thompson', 0.7147), ('ADJ-009', 'Kevin Walsh', 0.6478), ('ADJ-008', 'Robert Harrington', 0.6185), ('ADJ-001', 'Sarah Mitchell', 0.618)]",ADJ-004,0
CP-0162,B,B,ADJ-014,Rachel Coleman,0.8291,"[('ADJ-014', 'Rachel Coleman', 0.8291), ('ADJ-006', ""David O'Brien"", 0.825), ('ADJ-015', 'Christopher Adams', 0.8166), ('ADJ-004', 'Marcus Thompson', 0.7897), ('ADJ-009', 'Kevin Walsh', 0.7228), ('ADJ-008', 'Robert Harrington', 0.6435), ('ADJ-001', 'Sarah Mitchell', 0.643)]",ADJ-008,0
CP-0163,0,0,ADJ-014,Rachel Coleman,0.8291,"[('ADJ-014', 'Rachel Coleman', 0.8291), ('ADJ-006', ""David O'Brien"", 0.825), ('ADJ-015', 'Christopher Adams', 0.8166), ('ADJ-004', 'Marcus Thompson', 0.7897), ('ADJ-008', 'Robert Harrington', 0.7685), ('ADJ-001', 'Sarah Mitchell', 0.768), ('ADJ-009', 'Kevin Walsh', 0.7228)]",ADJ-001,0
CP-0164,C,0,ADJ-014,Rachel Coleman,0.8291,"[('ADJ-014', 'Rachel Coleman', 0.8291), ('ADJ-006', ""David O'Brien"", 0.825), ('ADJ-015', 'Christopher Adams', 0.7416), ('ADJ-004', 'Marcus Thompson', 0.7147), ('ADJ-009', 'Kevin Walsh', 0.6478), ('ADJ-008', 'Robert Harrington', 0.6185), ('ADJ-001', 'Sarah Mitchell', 0.618)]",ADJ-008,0
CP-0165,C,C,ADJ-014,Rachel Coleman,0.8291,"[('ADJ-014', 'Rachel Coleman', 0.8291), ('ADJ-006', ""David O'Brien"", 0.825), ('ADJ-015', 'Christopher Adams', 0.7416), ('ADJ-004', 'Marcus Thompson', 0.7147), ('ADJ-009', 'Kevin Walsh', 0.6478), ('ADJ-008', 'Robert Harrington', 0.6185), ('ADJ-001', 'Sarah Mitchell', 0.618)]",ADJ-009,0
CP-0166,C,C,ADJ-014,Rachel Coleman,0.8291,"[('ADJ-014', 'Rachel Coleman', 0.8291), ('ADJ-006', ""David O'Brien"", 0.825), ('ADJ-015', 'Christopher Adams', 0.7416), ('ADJ-004', 'Marcus Thompson', 0.7147), ('ADJ-009', 'Kevin Walsh', 0.6478), ('ADJ-008', 'Robert Harrington', 0.6185), ('ADJ-001', 'Sarah Mitchell', 0.618)]",ADJ-014,1
CP-0167,C,C,ADJ-014,Rachel Coleman,0.8291,"[('ADJ-014', 'Rachel Coleman', 0.8291), ('ADJ-006', ""David O'Brien"", 0.825), ('ADJ-015', 'Christopher Adams', 0.7416), ('ADJ-004', 'Marcus Thompson', 0.7147), ('ADJ-009', 'Kevin Walsh', 0.6478), ('ADJ-008', 'Robert Harrington', 0.6185), ('ADJ-001', 'Sarah Mitchell', 0.618)]",ADJ-004,0
CP-0168,C,C,ADJ-014,Rachel Coleman,0.8291,"[('ADJ-014', 'Rachel Coleman', 0.8291), ('ADJ-006', ""David O'Brien"", 0.825), ('ADJ-015', 'Christopher Adams', 0.7416), ('ADJ-004', 'Marcus Thompson', 0.7147), ('ADJ-009', 'Kevin Walsh', 0.6478), ('ADJ-008', 'Robert Harrington', 0.6185), ('ADJ-001', 'Sarah Mitchell', 0.618)]",ADJ-004,0
CP-0169,0,0,ADJ-014,Rachel Coleman,0.8291,"[('ADJ-014', 'Rachel Coleman', 0.8291), ('ADJ-006', ""David O'Brien"", 0.825), ('ADJ-015', 'Christopher Adams', 0.8166), ('ADJ-004', 'Marcus Thompson', 0.7897), ('ADJ-008', 'Robert Harrington', 0.7685), ('ADJ-001', 'Sarah Mitchell', 0.768), ('ADJ-009', 'Kevin Walsh', 0.7228)]",ADJ-008,0
CP-0170,C,C,ADJ-014,Rachel Coleman,0.8291,"[('ADJ-014', 'Rachel Coleman', 0.8291), ('ADJ-006', ""David O'Brien"", 0.825), ('ADJ-015', 'Christopher Adams', 0.7416), ('ADJ-004', 'Marcus Thompson', 0.7147), ('ADJ-009', 'Kevin Walsh', 0.6478), ('ADJ-008', 'Robert Harrington', 0.6185), ('ADJ-001', 'Sarah Mitchell', 0.618)]",ADJ-015,0
CP-0171,A,A,ADJ-014,Rachel Coleman,0.8291,"[('ADJ-014', 'Rachel Coleman', 0.8291), ('ADJ-006', ""David O'Brien"", 0.825), ('ADJ-015', 'Christopher Adams', 0.8166), ('ADJ-004', 'Marcus Thompson', 0.7897), ('ADJ-008', 'Robert Harrington', 0.7685), ('ADJ-001', 'Sarah Mitchell', 0.768), ('ADJ-009', 'Kevin Walsh', 0.7228)]",ADJ-015,0
CP-0172,C,C,ADJ-014,Rachel Coleman,0.8291,"[('ADJ-014', 'Rachel Coleman', 0.8291), ('ADJ-006', ""David O'Brien"", 0.825), ('ADJ-015', 'Christopher Adams', 0.7416), ('ADJ-004', 'Marcus Thompson', 0.7147), ('ADJ-009', 'Kevin Walsh', 0.6478), ('ADJ-008', 'Robert Harrington', 0.6185), ('ADJ-001', 'Sarah Mitchell', 0.618)]",ADJ-004,0
CP-0173,0,0,ADJ-014,Rachel Coleman,0.8291,"[('ADJ-014', 'Rachel Coleman', 0.8291), ('ADJ-006', ""David O'Brien"", 0.825), ('ADJ-015', 'Christopher Adams', 0.8166), ('ADJ-004', 'Marcus Thompson', 0.7897), ('ADJ-008', 'Robert Harrington', 0.7685), ('ADJ-001', 'Sarah Mitchell', 0.768), ('ADJ-009', 'Kevin Walsh', 0.7228)]",ADJ-001,0
CP-0174,C,C,ADJ-014,Rachel Coleman,0.8291,"[('ADJ-014', 'Rachel Coleman', 0.8291), ('ADJ-006', ""David O'Brien"", 0.825), ('ADJ-015', 'Christopher Adams', 0.7416), ('ADJ-004', 'Marcus Thompson', 0.7147), ('ADJ-009', 'Kevin Walsh', 0.6478), ('ADJ-008', 'Robert Harrington', 0.6185), ('ADJ-001', 'Sarah Mitchell', 0.618)]",ADJ-001,0
CP-0175,C,C,ADJ-014,Rachel Coleman,0.8291,"[('ADJ-014', 'Rachel Coleman', 0.8291), ('ADJ-006', ""David O'Brien"", 0.825), ('ADJ-015', 'Christopher Adams', 0.7416), ('ADJ-004', 'Marcus Thompson', 0.7147), ('ADJ-009', 'Kevin Walsh', 0.6478), ('ADJ-008', 'Robert Harrington', 0.6185), ('ADJ-001', 'Sarah Mitchell', 0.618)]",ADJ-015,0
CP-0176,A,A,ADJ-014,Rachel Coleman,0.8291,"[('ADJ-014', 'Rachel Coleman', 0.8291), ('ADJ-006', ""David O'Brien"", 0.825), ('ADJ-015', 'Christopher Adams', 0.8166), ('ADJ-004', 'Marcus Thompson', 0.7897), ('ADJ-008', 'Robert Harrington', 0.7685), ('ADJ-001', 'Sarah Mitchell', 0.768), ('ADJ-009', 'Kevin Walsh', 0.7228)]",ADJ-004,0
CP-0177,0,0,ADJ-014,Rachel Coleman,0.8291,"[('ADJ-014', 'Rachel Coleman', 0.8291), ('ADJ-006', ""David O'Brien"", 0.825), ('ADJ-015', 'Christopher Adams', 0.8166), ('ADJ-004', 'Marcus Thompson', 0.7897), ('ADJ-008', 'Robert Harrington', 0.7685), ('ADJ-001', 'Sarah Mitchell', 0.768), ('ADJ-009', 'Kevin Walsh', 0.7228)]",ADJ-004,0
CP-0178,C,C,ADJ-014,Rachel Coleman,0.8291,"[('ADJ-014', 'Rachel Coleman', 0.8291), ('ADJ-006', ""David O'Brien"", 0.825), ('ADJ-015', 'Christopher Adams', 0.7416), ('ADJ-004', 'Marcus Thompson', 0.7147), ('ADJ-009', 'Kevin Walsh', 0.6478), ('ADJ-008', 'Robert Harrington', 0.6185), ('ADJ-001', 'Sarah Mitchell', 0.618)]",ADJ-006,0
CP-0179,B,B,ADJ-014,Rachel Coleman,0.8291,"[('ADJ-014', 'Rachel Coleman', 0.8291), ('ADJ-006', ""David O'Brien"", 0.825), ('ADJ-015', 'Christopher Adams', 0.8166), ('ADJ-004', 'Marcus Thompson', 0.7897), ('ADJ-009', 'Kevin Walsh', 0.7228), ('ADJ-008', 'Robert Harrington', 0.6435), ('ADJ-001', 'Sarah Mitchell', 0.643)]",ADJ-008,0
CP-0180,C,C,ADJ-014,Rachel Coleman,0.8291,"[('ADJ-014', 'Rachel Coleman', 0.8291), ('ADJ-006', ""David O'Brien"", 0.825), ('ADJ-015', 'Christopher Adams', 0.7416), ('ADJ-004', 'Marcus Thompson', 0.7147), ('ADJ-009', 'Kevin Walsh', 0.6478), ('ADJ-008', 'Robert Harrington', 0.6185), ('ADJ-001', 'Sarah Mitchell', 0.618)]",ADJ-008,0
CP-0181,B,B,ADJ-014,Rachel Coleman,0.8291,"[('ADJ-014', 'Rachel Coleman', 0.8291), ('ADJ-006', ""David O'Brien"", 0.825), ('ADJ-015', 'Christopher Adams', 0.8166), ('ADJ-004', 'Marcus Thompson', 0.7897), ('ADJ-009', 'Kevin Walsh', 0.7228), ('ADJ-008', 'Robert Harrington', 0.6435), ('ADJ-001', 'Sarah Mitchell', 0.643)]",ADJ-008,0
CP-0182,A,A,ADJ-014,Rachel Coleman,0.8291,"[('ADJ-014', 'Rachel Coleman', 0.8291), ('ADJ-006', ""David O'Brien"", 0.825), ('ADJ-015', 'Christopher Adams', 0.8166), ('ADJ-004', 'Marcus Thompson', 0.7897), ('ADJ-008', 'Robert Harrington', 0.7685), ('ADJ-001', 'Sarah Mitchell', 0.768), ('ADJ-009', 'Kevin Walsh', 0.7228)]",ADJ-006,0
CP-0183,C,C,ADJ-014,Rachel Coleman,0.8291,"[('ADJ-014', 'Rachel Coleman', 0.8291), ('ADJ-006', ""David O'Brien"", 0.825), ('ADJ-015', 'Christopher Adams', 0.7416), ('ADJ-004', 'Marcus Thompson', 0.7147), ('ADJ-009', 'Kevin Walsh', 0.6478), ('ADJ-008', 'Robert Harrington', 0.6185), ('ADJ-001', 'Sarah Mitchell', 0.618)]",ADJ-004,0
CP-0184,C,C,ADJ-014,Rachel Coleman,0.8291,"[('ADJ-014', 'Rachel Coleman', 0.8291), ('ADJ-006', ""David O'Brien"", 0.825), ('ADJ-015', 'Christopher Adams', 0.7416), ('ADJ-004', 'Marcus Thompson', 0.7147), ('ADJ-009', 'Kevin Walsh', 0.6478), ('ADJ-008', 'Robert Harrington', 0.6185), ('ADJ-001', 'Sarah Mitchell', 0.618)]",ADJ-015,0
CP-0185,C,C,ADJ-014,Rachel Coleman,0.8291,"[('ADJ-014', 'Rachel Coleman', 0.8291), ('ADJ-006', ""David O'Brien"", 0.825), ('ADJ-015', 'Christopher Adams', 0.7416), ('ADJ-004', 'Marcus Thompson', 0.7147), ('ADJ-009', 'Kevin Walsh', 0.6478), ('ADJ-008', 'Robert Harrington', 0.6185), ('ADJ-001', 'Sarah Mitchell', 0.618)]",ADJ-001,0
CP-0186,C,C,ADJ-014,Rachel Coleman,0.8291,"[('ADJ-014', 'Rachel Coleman', 0.8291), ('ADJ-006', ""David O'Brien"", 0.825), ('ADJ-015', 'Christopher Adams', 0.7416), ('ADJ-004', 'Marcus Thompson', 0.7147), ('ADJ-009', 'Kevin Walsh', 0.6478), ('ADJ-008', 'Robert Harrington', 0.6185), ('ADJ-001', 'Sarah Mitchell', 0.618)]",ADJ-009,0
CP-0187,C,C,ADJ-014,Rachel Coleman,0.8291,"[('ADJ-014', 'Rachel Coleman', 0.8291), ('ADJ-006', ""David O'Brien"", 0.825), ('ADJ-015', 'Christopher Adams', 0.7416), ('ADJ-004', 'Marcus Thompson', 0.7147), ('ADJ-009', 'Kevin Walsh', 0.6478), ('ADJ-008', 'Robert Harrington', 0.6185), ('ADJ-001', 'Sarah Mitchell', 0.618)]",ADJ-006,0
CP-0188,C,C,ADJ-014,Rachel Coleman,0.8291,"[('ADJ-014', 'Rachel Coleman', 0.8291), ('ADJ-006', ""David O'Brien"", 0.825), ('ADJ-015', 'Christopher Adams', 0.7416), ('ADJ-004', 'Marcus Thompson', 0.7147), ('ADJ-009', 'Kevin Walsh', 0.6478), ('ADJ-008', 'Robert Harrington', 0.6185), ('ADJ-001', 'Sarah Mitchell', 0.618)]",ADJ-006,0
CP-0189,B,B,ADJ-014,Rachel Coleman,0.8291,"[('ADJ-014', 'Rachel Coleman', 0.8291), ('ADJ-006', ""David O'Brien"", 0.825), ('ADJ-015', 'Christopher Adams', 0.8166), ('ADJ-004', 'Marcus Thompson', 0.7897), ('ADJ-009', 'Kevin Walsh', 0.7228), ('ADJ-008', 'Robert Harrington', 0.6435), ('ADJ-001', 'Sarah Mitchell', 0.643)]",ADJ-006,0
CP-0190,C,C,ADJ-014,Rachel Coleman,0.8291,"[('ADJ-014', 'Rachel Coleman', 0.8291), ('ADJ-006', ""David O'Brien"", 0.825), ('ADJ-015', 'Christopher Adams', 0.7416), ('ADJ-004', 'Marcus Thompson', 0.7147), ('ADJ-009', 'Kevin Walsh', 0.6478), ('ADJ-008', 'Robert Harrington', 0.6185), ('ADJ-001', 'Sarah Mitchell', 0.618)]",ADJ-008,0
CP-0191,B,B,ADJ-014,Rachel Coleman,0.8291,"[('ADJ-014', 'Rachel Coleman', 0.8291), ('ADJ-006', ""David O'Brien"", 0.825), ('ADJ-015', 'Christopher Adams', 0.8166), ('ADJ-004', 'Marcus Thompson', 0.7897), ('ADJ-009', 'Kevin Walsh', 0.7228), ('ADJ-008', 'Robert Harrington', 0.6435), ('ADJ-001', 'Sarah Mitchell', 0.643)]",ADJ-008,0
CP-0192,C,C,ADJ-014,Rachel Coleman,0.8291,"[('ADJ-014', 'Rachel Coleman', 0.8291), ('ADJ-006', ""David O'Brien"", 0.825), ('ADJ-015', 'Christopher Adams', 0.7416), ('ADJ-004', 'Marcus Thompson', 0.7147), ('ADJ-009', 'Kevin Walsh', 0.6478), ('ADJ-008', 'Robert Harrington', 0.6185), ('ADJ-001', 'Sarah Mitchell', 0.618)]",ADJ-008,0
CP-0193,C,C,ADJ-014,Rachel Coleman,0.8291,"[('ADJ-014', 'Rachel Coleman', 0.8291), ('ADJ-006', ""David O'Brien"", 0.825), ('ADJ-015', 'Christopher Adams', 0.7416), ('ADJ-004', 'Marcus Thompson', 0.7147), ('ADJ-009', 'Kevin Walsh', 0.6478), ('ADJ-008', 'Robert Harrington', 0.6185), ('ADJ-001', 'Sarah Mitchell', 0.618)]",ADJ-001,0
CP-0194,0,C,ADJ-014,Rachel Coleman,0.8291,"[('ADJ-014', 'Rachel Coleman', 0.8291), ('ADJ-006', ""David O'Brien"", 0.825), ('ADJ-015', 'Christopher Adams', 0.8166), ('ADJ-004', 'Marcus Thompson', 0.7897), ('ADJ-008', 'Robert Harrington', 0.7685), ('ADJ-001', 'Sarah Mitchell', 0.768), ('ADJ-009', 'Kevin Walsh', 0.7228)]",ADJ-009,0
CP-0195,A,A,ADJ-014,Rachel Coleman,0.8291,"[('ADJ-014', 'Rachel Coleman', 0.8291), ('ADJ-006', ""David O'Brien"", 0.825), ('ADJ-015', 'Christopher Adams', 0.8166), ('ADJ-004', 'Marcus Thompson', 0.7897), ('ADJ-008', 'Robert Harrington', 0.7685), ('ADJ-001', 'Sarah Mitchell', 0.768), ('ADJ-009', 'Kevin Walsh', 0.7228)]",ADJ-009,0
CP-0196,B,B,ADJ-014,Rachel Coleman,0.8291,"[('ADJ-014', 'Rachel Coleman', 0.8291), ('ADJ-006', ""David O'Brien"", 0.825), ('ADJ-015', 'Christopher Adams', 0.8166), ('ADJ-004', 'Marcus Thompson', 0.7897), ('ADJ-009', 'Kevin Walsh', 0.7228), ('ADJ-008', 'Robert Harrington', 0.6435), ('ADJ-001', 'Sarah Mitchell', 0.643)]",ADJ-014,1
CP-0197,C,C,ADJ-014,Rachel Coleman,0.8291,"[('ADJ-014', 'Rachel Coleman', 0.8291), ('ADJ-006', ""David O'Brien"", 0.825), ('ADJ-015', 'Christopher Adams', 0.7416), ('ADJ-004', 'Marcus Thompson', 0.7147), ('ADJ-009', 'Kevin Walsh', 0.6478), ('ADJ-008', 'Robert Harrington', 0.6185), ('ADJ-001', 'Sarah Mitchell', 0.618)]",ADJ-014,1
CP-0198,C,C,ADJ-014,Rachel Coleman,0.8291,"[('ADJ-014', 'Rachel Coleman', 0.8291), ('ADJ-006', ""David O'Brien"", 0.825), ('ADJ-015', 'Christopher Adams', 0.7416), ('ADJ-004', 'Marcus Thompson', 0.7147), ('ADJ-009', 'Kevin Walsh', 0.6478), ('ADJ-008', 'Robert Harrington', 0.6185), ('ADJ-001', 'Sarah Mitchell', 0.618)]",ADJ-015,0
CP-0199,A,A,ADJ-014,Rachel Coleman,0.8291,"[('ADJ-014', 'Rachel Coleman', 0.8291), ('ADJ-006', ""David O'Brien"", 0.825), ('ADJ-015', 'Christopher Adams', 0.8166), ('ADJ-004', 'Marcus Thompson', 0.7897), ('ADJ-008', 'Robert Harrington', 0.7685), ('ADJ-001', 'Sarah Mitchell', 0.768), ('ADJ-009', 'Kevin Walsh', 0.7228)]",ADJ-006,0
CP-0200,C,C,ADJ-014,Rachel Coleman,0.8291,"[('ADJ-014', 'Rachel Coleman', 0.8291), ('ADJ-006', ""David O'Brien"", 0.825), ('ADJ-015', 'Christopher Adams', 0.7416), ('ADJ-004', 'Marcus Thompson', 0.7147), ('ADJ-009', 'Kevin Walsh', 0.6478), ('ADJ-008', 'Robert Harrington', 0.6185), ('ADJ-001', 'Sarah Mitchell', 0.618)]",ADJ-004,0
